Title	URL	Published	Added	Archived URL
Misinformation: A Flawed Concept	https://quillette.com/2024/10/28/misinformation-a-flawed-concept/	20241028	20241118	https://web.archive.org/web/20241111105422/https://quillette.com/2024/10/28/misinformation-a-flawed-concept/
When Machine Learning Tells the Wrong Story	https://jackcook.com/2024/11/09/bigger-fish.html	20241109	20241118	https://web.archive.org/web/20241112000559/https://jackcook.com/2024/11/09/bigger-fish.html
Liberation technology: dreams, politics, history	https://www.opendemocracy.net/en/liberation-technology-dreams-politics-history/	N/A	20241118	https://web.archive.org/web/20240411142653/https://www.opendemocracy.net/en/liberation-technology-dreams-politics-history/
Punctuation is dead because the iPhone keyboard killed it	https://www.androidauthority.com/apple-iphone-killed-punctuation-3497899/	20241110	20241118	https://web.archive.org/web/20241114164327/https://www.androidauthority.com/apple-iphone-killed-punctuation-3497899/
Network Of Time	https://networkoftime.com/about.html	20190101	20241118	https://web.archive.org/web/20241111175227/https://networkoftime.com/about.html
Visualizing 13 million BlueSky users	https://joelgustafson.com/posts/2024-11-12/vizualizing-13-million-bluesky-users	20241112	20241118	https://web.archive.org/web/20241112210452/https://joelgustafson.com/posts/2024-11-12/vizualizing-13-million-bluesky-users
How a stubborn computer scientist accidentally launched the deep learning boom	https://arstechnica.com/ai/2024/11/how-a-stubborn-computer-scientist-accidentally-launched-the-deep-learning-boom/	20241111	20241118	https://web.archive.org/web/20241113152215/https://arstechnica.com/ai/2024/11/how-a-stubborn-computer-scientist-accidentally-launched-the-deep-learning-boom/
Meta Horizon Worlds Has Been Taken Over by Children	https://www.wired.com/story/meta-horizon-worlds-taken-over-by-children/	20241112	20241118	https://web.archive.org/web/20241113204302/https://www.wired.com/story/meta-horizon-worlds-taken-over-by-children/
AI Chatbot Added to Mushroom Foraging Facebook Group Immediately Gives Tips for Cooking Dangerous Mushroom	https://www.404media.co/ai-chatbot-added-to-mushroom-foraging-facebook-group-immediately-gives-tips-for-cooking-dangerous-mushroom/	20241112	20241118	https://web.archive.org/web/20241113185227/https://www.404media.co/ai-chatbot-added-to-mushroom-foraging-facebook-group-immediately-gives-tips-for-cooking-dangerous-mushroom/
Graph-based AI model maps the future of innovation	https://news.mit.edu/2024/graph-based-ai-model-maps-future-innovation-1112	20241112	20241118	https://web.archive.org/web/20241114023303/https://news.mit.edu/2024/graph-based-ai-model-maps-future-innovation-1112
After Trump's Victory, the 4B Movement Is Spreading Across TikTok	https://www.wired.com/story/trump-election-4b-movement-tiktok-x-reddit/	20241107	20241118	https://web.archive.org/web/20241112204113/https://www.wired.com/story/trump-election-4b-movement-tiktok-x-reddit/
The Open Source Project DeFlock Is Mapping License Plate Surveillance Cameras All Over the World	https://www.404media.co/the-open-source-project-deflock-is-mapping-license-plate-surveillance-cameras-all-over-the-world/	20241111	20241118	https://web.archive.org/web/20241114013214/https://www.404media.co/the-open-source-project-deflock-is-mapping-license-plate-surveillance-cameras-all-over-the-world/
Guardian will no longer post on Elon Musk’s X from its official accounts	https://www.theguardian.com/media/2024/nov/13/the-guardian-no-longer-post-on-x-twitter-elon-musk	20241113	20241118	https://web.archive.org/web/20241114194020/https://www.theguardian.com/media/2024/nov/13/the-guardian-no-longer-post-on-x-twitter-elon-musk
The AI lab waging a guerrilla war over exploitative AI	https://www.technologyreview.com/2024/11/13/1106837/ai-data-posioning-nightshade-glaze-art-university-of-chicago-exploitation/	20241113	20241118	https://web.archive.org/web/20241114161834/https://www.technologyreview.com/2024/11/13/1106837/ai-data-posioning-nightshade-glaze-art-university-of-chicago-exploitation/
Our brains are vector databases — here’s why that’s helpful when using AI	https://venturebeat.com/ai/our-brains-are-vector-databases-heres-why-thats-helpful-when-using-ai/	20241116	20241118	https://web.archive.org/web/20241118013450/https://venturebeat.com/ai/our-brains-are-vector-databases-heres-why-thats-helpful-when-using-ai/
ChatGPT is Slipping	https://adriano.fyi/posts/chatgpt-is-slipping/	20241117	20241118	N/A
Super Weights in LLMs - How Pruning Them Destroys a LLM's Ability to Generate Text ?	https://vevesta.substack.com/p/find-and-pruning-super-weights-in-llms	20241118	20241118	https://web.archive.org/web/20241118070055/https://vevesta.substack.com/p/find-and-pruning-super-weights-in-llms
Drop #9. UDO: The Weird Magic of Digital Folkore	https://reincantamentox.substack.com/p/drop-9-udo-the-weird-magic-of-digital	20240119	20241118	https://web.archive.org/web/20240924144236/https://reincantamentox.substack.com/p/drop-9-udo-the-weird-magic-of-digital
AI and Ways of Seeing: Q&A with Lauren Tilton	https://cdh.princeton.edu/blog/2024/11/12/lauren-tilton/	20241112	20241118	https://web.archive.org/web/20241118154719/https://cdh.princeton.edu/blog/2024/11/12/lauren-tilton/
AI-generated poetry is indistinguishable from human-written poetry and is rated more favorably - Scientific Reports	https://www.nature.com/articles/s41598-024-76900-1?error=cookies_not_supported&code=f5b9234a-1d48-450b-89ab-da7d85a1240b	20241114	20241118	N/A
OpenAI, Google and Anthropic Are Struggling to Build More Advanced AI	https://www.bloomberg.com/tosv2.html?vid=&uuid=081f9546-a329-11ef-ab49-b3c572b817a7&url=L25ld3MvYXJ0aWNsZXMvMjAyNC0xMS0xMy9vcGVuYWktZ29vZ2xlLWFuZC1hbnRocm9waWMtYXJlLXN0cnVnZ2xpbmctdG8tYnVpbGQtbW9yZS1hZHZhbmNlZC1haQ%3D%3D	None	20241118	N/A
Something weird is happening with LLMs and chess	https://dynomight.substack.com/p/chess	20241114	20241118	https://web.archive.org/web/20241118034733/https://dynomight.substack.com/p/chess
The metaphors of artificial intelligence	https://www.science.org/doi/full/10.1126/science.adt6140?af=R	N/A	20241118	https://web.archive.org/web/20241118154954/https://www.science.org/doi/full/10.1126/science.adt6140?af=R
When ads shock: subtle ways that disgust can shape our buying habits	https://theconversation.com/when-ads-shock-subtle-ways-that-disgust-can-shape-our-buying-habits-243209	N/A	20241118	https://web.archive.org/web/20241116145203/https://theconversation.com/when-ads-shock-subtle-ways-that-disgust-can-shape-our-buying-habits-243209
Academic papers retracted due to ... software licensing?	https://www.theregister.com/2024/11/14/academic_papers_retracted_software_licensing/	20241114	20241118	https://web.archive.org/web/20241116103959/https://www.theregister.com/2024/11/14/academic_papers_retracted_software_licensing/
"The ambiguous ""use"" / GioCities"	https://blog.giovanh.com/blog/2024/11/15/the-ambiguous-use/	20241115	20241118	https://web.archive.org/web/20241116051917/https://blog.giovanh.com/blog/2024/11/15/the-ambiguous-use/
How AI Could Break the Career Ladder	https://www.bloomberg.com/tosv2.html?vid=&uuid=997097d6-a4c4-11ef-8c4a-6a0ee38f290f&url=L25ld3MvYXJ0aWNsZXMvMjAyNC0xMS0xNS9haS1yZXBsYWNpbmctZW50cnktbGV2ZWwtam9icy1jb3VsZC1icmVhay10aGUtY2FyZWVyLWxhZGRlcg%3D%3D	None	20241118	https://web.archive.org/web/20241118155216/https://www.bloomberg.com/tosv2.html?vid=&uuid=997097d6-a4c4-11ef-8c4a-6a0ee38f290f&url=L25ld3MvYXJ0aWNsZXMvMjAyNC0xMS0xNS9haS1yZXBsYWNpbmctZW50cnktbGV2ZWwtam9icy1jb3VsZC1icmVhay10aGUtY2FyZWVyLWxhZGRlcg%3D%3D
The New Hatred of Technology	https://www.wired.com/story/plaintext-the-new-hatred-of-technology/	20241115	20241118	https://web.archive.org/web/20241118002738/https://www.wired.com/story/plaintext-the-new-hatred-of-technology/
Despite its impressive output, generative AI doesn't have a coherent understanding of the world, researchers suggest	https://techxplore.com/news/2024-11-output-generative-ai-doesnt-coherent.html	20241105	20241118	https://web.archive.org/web/20241106023901/https://techxplore.com/news/2024-11-output-generative-ai-doesnt-coherent.html
Misinformation really does spread like a virus, suggest mathematical models drawn from epidemiology	https://theconversation.com/misinformation-really-does-spread-like-a-virus-suggest-mathematical-models-drawn-from-epidemiology-242679	N/A	20241118	https://web.archive.org/web/20241112204124/https://theconversation.com/misinformation-really-does-spread-like-a-virus-suggest-mathematical-models-drawn-from-epidemiology-242679
Sustainable Web Interest Group is Formed	https://www.w3.org/blog/2024/sustainable-web-interest-group-is-formed/	20241104	20241118	https://web.archive.org/web/20241110142147/https://www.w3.org/blog/2024/sustainable-web-interest-group-is-formed/
Replicating GPT-2, the most dangerous NLP model (with Aaron Gokaslan) (Ep. 79)	https://datascienceathome.com/replicating-gpt-2-the-most-dangerous-nlp-model-with-aaron-gokaslan/	20190923	20241118	https://web.archive.org/web/20241108075118/https://datascienceathome.com/replicating-gpt-2-the-most-dangerous-nlp-model-with-aaron-gokaslan/
Exploring Internet traffic shifts and cyber attacks during the 2024 US election	https://blog.cloudflare.com/exploring-internet-traffic-shifts-and-cyber-attacks-during-the-2024-us-election/	20241106	20241118	https://web.archive.org/web/20241111031255/https://blog.cloudflare.com/exploring-internet-traffic-shifts-and-cyber-attacks-during-the-2024-us-election/
how a neuron learns	https://qtnx.ai/posts/how_neuron_learns/	20240202	20241118	https://web.archive.org/web/20241113153131/https://qtnx.ai/posts/how_neuron_learns/
The images of Spain’s floods weren’t created by AI. The trouble is, people think they were	https://www.theguardian.com/commentisfree/2024/nov/09/the-images-of-spains-floods-werent-created-by-ai-the-trouble-is-people-think-they-were	20241109	20241118	https://web.archive.org/web/20241117204455/https://www.theguardian.com/commentisfree/2024/nov/09/the-images-of-spains-floods-werent-created-by-ai-the-trouble-is-people-think-they-were
"OpenAI's new ""Orion"" model reportedly shows small gains over GPT-4"	https://the-decoder.com/openais-new-orion-model-reportedly-shows-small-gains-over-gpt-4/	20241110	20241118	https://web.archive.org/web/20241112033129/https://the-decoder.com/openais-new-orion-model-reportedly-shows-small-gains-over-gpt-4/
Teens learn a new conspiracy theory every week on social media, yet most schools aren’t teaching media literacy	https://www.fastcompany.com/91224580/teens-are-discovering-conspiracy-theories-on-social-media	N/A	20241118	https://web.archive.org/web/20241113204134/https://www.fastcompany.com/91224580/teens-are-discovering-conspiracy-theories-on-social-media
IMG_0416	https://ben-mini.github.io/2024/img-0416	20241103	20241118	https://web.archive.org/web/20241113001648/https://ben-mini.github.io/2024/img-0416
Anthropic hires its first “AI welfare” researcher	https://arstechnica.com/ai/2024/11/anthropic-hires-its-first-ai-welfare-researcher/	20241111	20241118	https://web.archive.org/web/20241111183213/https://arstechnica.com/ai/2024/11/anthropic-hires-its-first-ai-welfare-researcher/
Apple AI notification summaries exist; rarely useful, often hilarious	https://www.theverge.com/2024/11/12/24289939/apple-intelligence-ai-notification-summaries-awkward-funny-bad	20241112	20241118	https://web.archive.org/web/20241114183746/https://www.theverge.com/2024/11/12/24289939/apple-intelligence-ai-notification-summaries-awkward-funny-bad
Patterns in Information - Lachlan Gray	https://lachlan-gray.com/Patterns+in+Information	None	20241118	https://web.archive.org/web/20241110225154/https://lachlan-gray.com/Patterns+in+Information
The Beginner's Guide to Visual Prompt Injections: Invisibility Cloaks, Cannibalistic Adverts, and Robot Women | Lakera – Protecting AI teams that disrupt the world.	https://www.lakera.ai/blog/visual-prompt-injections	20241113	20241118	https://web.archive.org/web/20241115145722/https://www.lakera.ai/blog/visual-prompt-injections
Releasing the largest multilingual open pretraining dataset	https://huggingface.co/blog/Pclanglais/two-trillion-tokens-open	20241113	20241118	https://web.archive.org/web/20241114152136/https://huggingface.co/blog/Pclanglais/two-trillion-tokens-open
AI has a stupid secret: we’re still not sure how to test for human levels of intelligence	https://theconversation.com/ai-has-a-stupid-secret-were-still-not-sure-how-to-test-for-human-levels-of-intelligence-240469	20241004	20241118	https://web.archive.org/web/20241007195625/https://theconversation.com/ai-has-a-stupid-secret-were-still-not-sure-how-to-test-for-human-levels-of-intelligence-240469
The Commoditization of LLMs – Communications of the ACM	https://cacm.acm.org/blogcacm/the-commoditization-of-llms/	20240912	20241118	https://web.archive.org/web/20241112011001/https://cacm.acm.org/blogcacm/the-commoditization-of-llms/
AI search could break the web	https://www.technologyreview.com/2024/10/31/1106504/ai-search-could-break-the-web/	20241031	20241118	https://web.archive.org/web/20241113021334/https://www.technologyreview.com/2024/10/31/1106504/ai-search-could-break-the-web
The Internet Archive is even more essential than I realized	https://www.fastcompany.com/91208935/internet-archive-outage-breach-wayback-machine	N/A	20241118	https://web.archive.org/web/20241104162201/https://www.fastcompany.com/91208935/internet-archive-outage-breach-wayback-machine
The Fairness of Fact-checking and Its Impact on Social Media | TechPolicy.Press	https://www.techpolicy.press/the-fairness-of-the-factchecking-and-its-impact-on-social-media/	20241104	20241118	https://web.archive.org/web/20241107132628/https://www.techpolicy.press/the-fairness-of-the-factchecking-and-its-impact-on-social-media/
Generative AI Has a Massive E-Waste Problem	https://spectrum.ieee.org/e-waste	20241104	20241118	https://web.archive.org/web/20241118000505/https://spectrum.ieee.org/e-waste
The Third-Party Script Breach That Shook The World	https://baways.com/	20201016	20241118	https://web.archive.org/web/20241118005531/https://baways.com/
Seeing Like a Programmer (LambdaConf 2024) — Sympolymathesy, by Chris Krycho	https://v5.chriskrycho.com/elsewhere/seeing-like-a-programmer/	20240507	20241118	https://web.archive.org/web/20241111000237/https://v5.chriskrycho.com/elsewhere/seeing-like-a-programmer/
AI overwhelmingly prefers white and male job candidates in new test of resume-screening bias	https://www.geekwire.com/2024/ai-overwhelmingly-prefers-white-and-male-job-candidates-in-new-test-of-resume-screening-bias/	N/A	20241118	https://web.archive.org/web/20241107165432/https://www.geekwire.com/2024/ai-overwhelmingly-prefers-white-and-male-job-candidates-in-new-test-of-resume-screening-bias/
Despite its impressive output, generative AI doesn’t have a coherent understanding of the world	https://news.mit.edu/2024/generative-ai-lacks-coherent-world-understanding-1105	20241105	20241118	https://web.archive.org/web/20241115073818/https://news.mit.edu/2024/generative-ai-lacks-coherent-world-understanding-1105
Why the deep learning boom caught almost everyone by surprise	https://www.understandingai.org/p/why-the-deep-learning-boom-caught	20241105	20241118	https://web.archive.org/web/20241114041506/https://www.understandingai.org/p/why-the-deep-learning-boom-caught
A global dataset of 7 billion individuals with socio-economic characteristics - Scientific Data	https://www.nature.com/articles/s41597-024-03864-2?error=cookies_not_supported&code=4d5ce214-fbb7-4c20-b3a2-13e8e8eb3bcd	20241007	20241118	https://web.archive.org/web/20241106033643/https://www.nature.com/articles/s41597-024-03864-2
No, The Web Is Not Dead	https://www.peoplevsalgorithms.com/p/no-the-web-is-not-dead	20240523	20241118	https://web.archive.org/web/20240801133435/https://www.peoplevsalgorithms.com/p/no-the-web-is-not-dead
AI is consolidating corporate power in higher ed (opinion)	https://www.insidehighered.com/opinion/views/2024/11/06/ai-consolidating-corporate-power-higher-ed-opinion	20241106	20241118	https://web.archive.org/web/20241111020954/https://www.insidehighered.com/opinion/views/2024/11/06/ai-consolidating-corporate-power-higher-ed-opinion
Google admits massive document leak related to search algorithm is authentic	https://nypost.com/2024/05/30/business/google-admits-massive-leak-related-to-search-is-authentic/	20240530	20241118	https://web.archive.org/web/20241107071924/https://nypost.com/2024/05/30/business/google-admits-massive-leak-related-to-search-is-authentic/
For fame or a death wish? Kids’ TikTok challenge injuries stump psychiatrists	https://arstechnica.com/health/2024/11/for-fame-or-a-death-wish-kids-tiktok-challenge-injuries-stump-psychiatrists/	20241106	20241118	https://web.archive.org/web/20241116233242/https://arstechnica.com/health/2024/11/for-fame-or-a-death-wish-kids-tiktok-challenge-injuries-stump-psychiatrists/
Project Analyzing Human Language Usage Shuts Down Because ‘Generative AI Has Polluted the Data’	https://www.404media.co/project-analyzing-human-language-usage-shuts-down-because-generative-ai-has-polluted-the-data/	20240919	20241118	https://web.archive.org/web/20241002032421/https://www.404media.co/project-analyzing-human-language-usage-shuts-down-because-generative-ai-has-polluted-the-data/
NaNoWriMo Says Condemning AI Is ‘Classist and Ableist’	https://www.404media.co/nanowrimo-ai-policy-classist-ableist/	20240902	20241118	https://web.archive.org/web/20241009043139/https://www.404media.co/nanowrimo-ai-policy-classist-ableist/
You Can Now See the Code That Helped End Apartheid	https://www.wired.com/story/plaintext-you-can-now-see-the-code-that-ended-apartheid/	20241018	20241118	https://web.archive.org/web/20241118043352/https://www.wired.com/story/plaintext-you-can-now-see-the-code-that-ended-apartheid/
It’s time to retire the term “user”	https://www.technologyreview.com/2024/04/19/1090872/ai-users-people-terms/	20240419	20241118	https://web.archive.org/web/20241111183242/https://www.technologyreview.com/2024/04/19/1090872/ai-users-people-terms/
Everything we know about ‘shadowbans’ on social media	https://www.washingtonpost.com/technology/2024/10/16/shadowban-social-media-algorithms-twitter-tiktok/	N/A	20241118	https://web.archive.org/web/20241118162307/https://www.washingtonpost.com/technology/2024/10/16/shadowban-social-media-algorithms-twitter-tiktok/
Planes, trains, and smartphones	https://www.gatesnotes.com/Digital-public-infrastructure	20241015	20241118	https://web.archive.org/web/20241106195904/https://www.gatesnotes.com/Digital-public-infrastructure
Are LLMs Any Good at Ranking People? – Wilsons Blog	https://wilsoniumite.com/2024/10/18/are-llms-any-good-at-ranking-people/	20241018	20241118	https://web.archive.org/web/20241118162352/https://wilsoniumite.com/2024/10/18/are-llms-any-good-at-ranking-people/
AI could help people find common ground during deliberations	https://www.technologyreview.com/2024/10/17/1105810/ai-could-help-people-find-common-ground-during-deliberations/	20241017	20241118	https://web.archive.org/web/20241115091946/https://www.technologyreview.com/2024/10/17/1105810/ai-could-help-people-find-common-ground-during-deliberations/
AI art: The end of creativity or the start of a new movement?	https://www.bbc.com/future/article/20241018-ai-art-the-end-of-creativity-or-a-new-movement	20241021	20241118	https://web.archive.org/web/20241116122338/https://www.bbc.com/future/article/20241018-ai-art-the-end-of-creativity-or-a-new-movement
How AI is generating a ‘sea of sameness’ in job applications	https://www.ft.com/content/facac60f-dbe7-4889-b76a-7ec1dc1f2e2c	20240908	20241118	https://web.archive.org/web/20240925150718/https://www.ft.com/content/facac60f-dbe7-4889-b76a-7ec1dc1f2e2c
You Should Probably Pay Attention to Tokenizers	https://cybernetist.com/2024/10/21/you-should-probably-pay-attention-to-tokenizers/	20241021	20241118	https://web.archive.org/web/20241105150317/https://cybernetist.com/2024/10/21/you-should-probably-pay-attention-to-tokenizers/
Chatbot that caused teen’s suicide is now more dangerous for kids, lawsuit says	https://arstechnica.com/tech-policy/2024/10/chatbots-posed-as-therapist-and-adult-lover-in-teen-suicide-case-lawsuit-says/	20241023	20241118	https://web.archive.org/web/20241104201805/https://arstechnica.com/tech-policy/2024/10/chatbots-posed-as-therapist-and-adult-lover-in-teen-suicide-case-lawsuit-says/
Former OpenAI Researcher Says Company Broke Copyright Law	https://www.nytimes.com/2024/10/23/technology/openai-copyright-law.html	20241023	20241118	https://web.archive.org/web/20241116142855/https://www.nytimes.com/2024/10/23/technology/openai-copyright-law.html
Feds Say You Don’t Have a Right to Check Out Retro Video Games Like Library Books	https://gizmodo.com/feds-say-you-dont-have-a-right-to-check-out-retro-video-games-like-library-books-2000516767	20241025	20241118	https://web.archive.org/web/20241114121600/https://gizmodo.com/feds-say-you-dont-have-a-right-to-check-out-retro-video-games-like-library-books-2000516767
Thoughts on the New Digital Feudalism	https://mhatta.substack.com/p/thoughts-on-the-new-digital-feudalism	20241026	20241118	https://web.archive.org/web/20241118162617/https://mhatta.substack.com/p/thoughts-on-the-new-digital-feudalism
Open Source on its own is no alternative to Big Tech - Bert Hubert's writings	https://berthub.eu/articles/posts/open-source-by-itself-is-no-alternative-for-big-tech/	20241026	20241118	N/A
Inside the U.S. Government-Bought Tool That Can Track Phones at Abortion Clinics	https://www.404media.co/inside-the-u-s-government-bought-tool-that-can-track-phones-at-abortion-clinics/	20241023	20241118	https://web.archive.org/web/20241116160057/https://www.404media.co/inside-the-u-s-government-bought-tool-that-can-track-phones-at-abortion-clinics/
Instagram saves the best video quality for the most popular content	https://www.theverge.com/2024/10/27/24280968/instagram-video-quality-lower-for-less-popular-videos	20241027	20241118	https://web.archive.org/web/20241117193138/https://www.theverge.com/2024/10/27/24280968/instagram-video-quality-lower-for-less-popular-videos
The Open Source AI Definition – 1.0	https://opensource.org/ai/open-source-ai-definition	N/A	20241118	https://web.archive.org/web/20241116191822/https://opensource.org/ai/open-source-ai-definition
OpenAI says ChatGPT treats us all the same (most of the time)	https://www.technologyreview.com/2024/10/15/1105558/openai-says-chatgpt-treats-us-all-the-same-most-of-the-time/	20241015	20241118	N/A
Software freedom isn’t about licenses – it’s about power.	https://rosenzweig.io/blog/software-freedom-isnt-about-licenses-its-about-power.html	20210328	20241118	https://web.archive.org/web/20241104214748/https://rosenzweig.io/blog/software-freedom-isnt-about-licenses-its-about-power.html
LinkedIn launches its first AI agent to take on the role of job recruiters | TechCrunch	https://techcrunch.com/2024/10/29/linkedin-launches-its-first-ai-agent-to-take-on-the-role-of-job-recruiters/	20241029	20241118	https://web.archive.org/web/20241113064406/https://techcrunch.com/2024/10/29/linkedin-launches-its-first-ai-agent-to-take-on-the-role-of-job-recruiters/
Make It Ephemeral: Software Should Decay and Lose Data	https://lucumr.pocoo.org/2024/10/30/make-it-ephemeral/	20241030	20241118	https://web.archive.org/web/20241108011716/https://lucumr.pocoo.org/2024/10/30/make-it-ephemeral/
Generative AI as an Icebreaker to Help Us Accept Other Ways of Thinking – Communications of the ACM	https://cacm.acm.org/blogcacm/generative-ai-as-an-icebreaker-to-help-us-accept-other-ways-of-thinking/	20241030	20241118	https://web.archive.org/web/20241108011715/https://cacm.acm.org/blogcacm/generative-ai-as-an-icebreaker-to-help-us-accept-other-ways-of-thinking/
Embeddings are underrated	https://technicalwriting.dev/data/embeddings.html	20241021	20241118	https://web.archive.org/web/20241116013539/https://technicalwriting.dev/data/embeddings.html
wrestling the web from corporate control requires making it boring again	https://washbear.neocities.org/browsers	20000101	20241118	https://web.archive.org/web/20241006154302/https://washbear.neocities.org/browsers
How Everyone Got Lost in Netflix’s Endless Library	https://archive.is/20241007162709/https://www.nytimes.com/2024/10/07/magazine/netflix-library-viewer-numbers.html	N/A	20241118	https://web.archive.org/web/20241109232805/https://www.nytimes.com/2024/10/07/magazine/netflix-library-viewer-numbers.html
When Data Is Missing, Scientists Guess. Then Guess Again. | Quanta Magazine	https://www.quantamagazine.org/when-data-is-missing-scientists-guess-then-guess-again-20241002/	20241002	20241118	https://web.archive.org/web/20241007102357/https://www.quantamagazine.org/when-data-is-missing-scientists-guess-then-guess-again-20241002/
Beyond the link tax: journalism and the changing nature of the internet - Halifax Examiner	https://www.halifaxexaminer.ca/beyond-the-link-tax-journalism-and-the-changing-nature-of-the-internet/	20240917	20241118	https://web.archive.org/web/20241002223209/https://www.halifaxexaminer.ca/beyond-the-link-tax-journalism-and-the-changing-nature-of-the-internet/
Is big tech harming society? To find out, we need research – but it’s being manipulated by big tech itself	https://theconversation.com/is-big-tech-harming-society-to-find-out-we-need-research-but-its-being-manipulated-by-big-tech-itself-240110	N/A	20241118	https://web.archive.org/web/20241110172735/https://theconversation.com/is-big-tech-harming-society-to-find-out-we-need-research-but-its-being-manipulated-by-big-tech-itself-240110
Man learns he’s being dumped via “dystopian” AI summary of texts	https://arstechnica.com/ai/2024/10/man-learns-hes-being-dumped-via-dystopian-ai-summary-of-texts/	20241010	20241118	https://web.archive.org/web/20241107153459/https://arstechnica.com/ai/2024/10/man-learns-hes-being-dumped-via-dystopian-ai-summary-of-texts/
Open-source AI definition finally gets its first release candidate - and a compromise	https://www.zdnet.com/article/open-source-ai-definition-finally-gets-its-first-release-candidate-and-a-compromise/	20241009	20241118	https://web.archive.org/web/20241016083451/https://www.zdnet.com/article/open-source-ai-definition-finally-gets-its-first-release-candidate-and-a-compromise/
Are humans the only ones that can be creative?	https://www.vox.com/the-gray-area/376192/tga-meghan-ogieblyn-creativity-art-ai	20241010	20241118	https://web.archive.org/web/20241117001858/https://www.vox.com/the-gray-area/376192/tga-meghan-ogieblyn-creativity-art-ai
Cyber resilience act: Council adopts new law on security requirements for digital products	https://www.consilium.europa.eu/en/press/press-releases/2024/10/10/cyber-resilience-act-council-adopts-new-law-on-security-requirements-for-digital-products/	N/A	20241118	N/A
Amazon Dreams of AI Agents That Do the Shopping for You	https://www.wired.com/story/amazon-ai-agents-shopping-guides-rufus/	20241009	20241118	https://web.archive.org/web/20241109045410/https://www.wired.com/story/amazon-ai-agents-shopping-guides-rufus/
FEMA adds misinformation to its list of disasters to clean up	https://www.theverge.com/2024/10/8/24265372/fema-misinformation-hurricane-helene-milton	20241008	20241118	https://web.archive.org/web/20241009032013/https://www.theverge.com/2024/10/8/24265372/fema-misinformation-hurricane-helene-milton
TikTok executives know about app’s effect on teens, lawsuit documents allege	https://www.npr.org/2024/10/11/g-s1-27676/tiktok-redacted-documents-in-teen-safety-lawsuit-revealed	20241011	20241118	https://web.archive.org/web/20241114133950/https://www.npr.org/2024/10/11/g-s1-27676/tiktok-redacted-documents-in-teen-safety-lawsuit-revealed
Maithra Raghu | The best AIs will be constructed not emergent	https://maithraraghu.com/blog/2024/best-ai-constructed-not-emergent/	20240925	20241118	https://web.archive.org/web/20241107150438/https://maithraraghu.com/blog/2024/best-ai-constructed-not-emergent/
This AI Pioneer Thinks AI Is Dumber Than a Cat	https://www.wsj.com/tech/ai/yann-lecun-ai-meta-aa59e2f5	N/A	20241118	https://web.archive.org/web/20241112221851/https://www.wsj.com/tech/ai/yann-lecun-ai-meta-aa59e2f5
The Editors Protecting Wikipedia from AI Hoaxes	https://www.404media.co/the-editors-protecting-wikipedia-from-ai-hoaxes/	20241009	20241118	https://web.archive.org/web/20241114162538/https://www.404media.co/the-editors-protecting-wikipedia-from-ai-hoaxes/
Lessons from Plain Text | rugu	https://www.rugu.dev/en/blog/plain-text/	20241013	20241118	https://web.archive.org/web/20241108212615/https://www.rugu.dev/en/blog/plain-text/
Stop aggregating away the signal in your data	https://stackoverflow.blog/2022/03/03/stop-aggregating-away-the-signal-in-your-data/	20220303	20241118	https://web.archive.org/web/20240628202142/https://stackoverflow.blog/2022/03/03/stop-aggregating-away-the-signal-in-your-data/
People are using Google study software to make AI podcasts—and they’re weird and amazing	https://www.technologyreview.com/2024/10/03/1104978/people-are-using-google-study-software-to-make-ai-podcasts-and-theyre-weird-and-amazing/	20241003	20241118	https://web.archive.org/web/20241016085901/https://www.technologyreview.com/2024/10/03/1104978/people-are-using-google-study-software-to-make-ai-podcasts-and-theyre-weird-and-amazing/
Tech Innovations to make the Tibetan Language a First-class Citizen in the Digital World - Buddhist Digital Resource Center	https://www.bdrc.io/blog/2024/10/10/tech-innovations-to-make-the-tibetan-language-a-first-class-citizen-in-the-digital-world/	20241010	20241118	N/A
Reasoning failures highlighted by Apple research on LLMs	https://appleinsider.com/articles/24/10/12/apples-study-proves-that-llm-based-ai-models-are-flawed-because-they-cannot-reason	20241012	20241118	https://web.archive.org/web/20241117152039/https://appleinsider.com/articles/24/10/12/apples-study-proves-that-llm-based-ai-models-are-flawed-because-they-cannot-reason
AI is the new plastic	https://www.notion.so/blog/ai-is-the-new-plastic	20241002	20241118	https://web.archive.org/web/20241006221343/https://www.notion.so/blog/ai-is-the-new-plastic
What is Code?	https://www.bloomberg.com/tosv2.html?vid=&uuid=16e283c0-8cad-11ef-9c8b-18839a1da0e0&url=L2dyYXBoaWNzLzIwMTUtcGF1bC1mb3JkLXdoYXQtaXMtY29kZS8%3D	None	20241118	N/A
AI-Powered Social Media Manipulation App Promises to 'Shape Reality'	https://www.404media.co/ai-powered-social-media-manipulation-app-promises-to-shape-reality-4/	20241016	20241118	https://web.archive.org/web/20241020211041/https://www.404media.co/ai-powered-social-media-manipulation-app-promises-to-shape-reality-4/
AI Avatars Are Doing Job Interviews Now	https://www.404media.co/ai-avatars-are-doing-job-interviews-now/	20240927	20241118	https://web.archive.org/web/20241003004816/https://www.404media.co/ai-avatars-are-doing-job-interviews-now/
Google Serving AI-Generated Images of Mushrooms Could Have 'Devastating Consequences'	https://www.404media.co/google-serves-ai-generated-images-of-mushrooms-putting-foragers-at-risk/	20240924	20241118	https://web.archive.org/web/20240930042320/https://www.404media.co/google-serves-ai-generated-images-of-mushrooms-putting-foragers-at-risk/
RAG is not just text	https://nishtahir.com/rag-is-not-just-text/	20240928	20241118	https://web.archive.org/web/20240929074232/https://nishtahir.com/rag-is-not-just-text/
An A.I. Model Helped Uncover 303 Previously Unseen Nazca Lines in Peru	https://www.thisiscolossal.com/2024/09/nazca-lines-ai/	20240927	20241118	https://web.archive.org/web/20241003064446/https://www.thisiscolossal.com/2024/09/nazca-lines-ai/
If your AI seems smarter​, it's thanks to smarter human trainers	https://archive.is/20240928114555/https://www.reuters.com/technology/artificial-intelligence/if-your-ai-seems-smarter-its-thanks-smarter-human-trainers-2024-09-28/	N/A	20241118	https://web.archive.org/web/20241002142442/https://www.reuters.com/technology/artificial-intelligence/if-your-ai-seems-smarter-its-thanks-smarter-human-trainers-2024-09-28/
AI and globalisation are shaking up software developers’ world	https://archive.is/20240929203405/https://www.economist.com/business/2024/09/29/ai-and-globalisation-are-shaking-up-software-developers-world	N/A	20241118	https://web.archive.org/web/20241009114954/https://www.economist.com/business/2024/09/29/ai-and-globalisation-are-shaking-up-software-developers-world
New study reveals positive mood changes during video game play	https://www.ox.ac.uk/news/2024-09-25-new-study-reveals-positive-mood-changes-during-video-game-play	20240925	20241118	https://web.archive.org/web/20241009030512/https://www.ox.ac.uk/news/2024-09-25-new-study-reveals-positive-mood-changes-during-video-game-play
How ‘Embeddings’ Encode What Words Mean — Sort Of | Quanta Magazine	https://www.quantamagazine.org/how-embeddings-encode-what-words-mean-sort-of-20240918/	20240918	20241118	https://web.archive.org/web/20241008174940/https://www.quantamagazine.org/how-embeddings-encode-what-words-mean-sort-of-20240918/
Vanishing Culture: Preserving Cookbooks | Internet Archive Blogs	https://blog.archive.org/2024/09/30/vanishing-culture-preserving-cookbooks/	20240930	20241118	https://web.archive.org/web/20241008192825/https://blog.archive.org/2024/09/30/vanishing-culture-preserving-cookbooks/
A.I. Pioneers Call for Protections Against ‘Catastrophic Risks’	https://www.nytimes.com/2024/09/16/business/china-ai-safety.html	20240916	20241118	https://web.archive.org/web/20241007071106/https://www.nytimes.com/2024/09/16/business/china-ai-safety.html
The Modern CLI Renaissance	https://gabevenberg.com/posts/cli-renaissance/	20240904	20241118	https://web.archive.org/web/20241017021555/https://gabevenberg.com/posts/cli-renaissance/
The 1970s librarians who revolutionised the challenge of search | Aeon Essays	https://aeon.co/essays/the-1970s-librarians-who-revolutionised-the-challenge-of-search	20230605	20241118	https://web.archive.org/web/20241117222554/https://aeon.co/essays/the-1970s-librarians-who-revolutionised-the-challenge-of-search
Delving into “delve”	https://pshapira.net/2024/03/31/delving-into-delve/	20240331	20241118	https://web.archive.org/web/20241108204612/https://pshapira.net/2024/03/31/delving-into-delve/
On Opting Out of Copyright	https://www.mnot.net/blog/2024/09/18/opt-out	20240429	20241118	https://web.archive.org/web/20240918174923/https://www.mnot.net/blog/2024/09/18/opt-out
We're losing our digital history. Can the Internet Archive save it?	https://www.bbc.com/future/article/20240912-the-archivists-battling-to-save-the-internet	20240916	20241118	https://web.archive.org/web/20241114151139/https://www.bbc.com/future/article/20240912-the-archivists-battling-to-save-the-internet
Copyright Keepers Just Destroyed a Huge Digital Library	https://jacobin.com/2024/09/copyright-internet-archive-library-lawsuit/	20240920	20241118	https://web.archive.org/web/20241009062039/https://jacobin.com/2024/09/copyright-internet-archive-library-lawsuit/
Technical writing is too important to leave to language models	https://www.counting-stuff.com/technical-writing-is-too-important-to-leave-to-language-models/	20240709	20241118	https://web.archive.org/web/20240921225152/https://www.counting-stuff.com/technical-writing-is-too-important-to-leave-to-language-models/
Cold war spy satellites and AI detect ancient underground aqueducts	https://www.newscientist.com/article/2448049-cold-war-spy-satellites-and-ai-detect-ancient-underground-aqueducts/	20240916	20241118	https://web.archive.org/web/20241107055825/https://www.newscientist.com/article/2448049-cold-war-spy-satellites-and-ai-detect-ancient-underground-aqueducts/
The Age of Software Artisans	https://jairojair.com/articles/the-age-of-software-artisans/	None	20241118	https://web.archive.org/web/20240923005901/https://jairojair.com/articles/the-age-of-software-artisans/
Algorithms for the 21st Century	http://yaccman.com/papers/a21/Alg21.html	20060101	20241118	https://web.archive.org/web/20240926180523/http://yaccman.com/papers/a21/Alg21.html
“Dead Internet theory” comes to life with new AI-powered social media app	https://arstechnica.com/information-technology/2024/09/dead-internet-theory-comes-to-life-with-new-ai-powered-social-media-app/	20240918	20241118	https://web.archive.org/web/20241015031225/https://arstechnica.com/information-technology/2024/09/dead-internet-theory-comes-to-life-with-new-ai-powered-social-media-app/
The continuing tragedy of emoji on the web	https://nolanlawson.com/2024/09/17/the-continuing-tragedy-of-emoji-on-the-web/	20240917	20241118	https://web.archive.org/web/20241002083049/https://nolanlawson.com/2024/09/17/the-continuing-tragedy-of-emoji-on-the-web/
Chatbots in science: What can ChatGPT do for you?	https://www.nature.com/articles/d41586-024-02630-z?error=cookies_not_supported&code=49b694e2-a411-4420-ac33-0b66940a81c0	20240814	20241118	N/A
AI tool that can do '81 years of detective work in 30 hours' trialled by police	https://news.sky.com/story/ai-tool-that-can-do-81-years-of-detective-work-in-30-hours-trialled-by-police-13220891	20240923	20241118	https://web.archive.org/web/20241109151229/https://news.sky.com/story/ai-tool-that-can-do-81-years-of-detective-work-in-30-hours-trialled-by-police-13220891
Holy Hell, The Social Web Did Not Begin In 2008 - Bix Dot Blog	https://bix.blog/posts/holy-hell-the-social-web-did-not-begin-in-2008	N/A	20241118	https://web.archive.org/web/20241009082404/https://bix.blog/posts/holy-hell-the-social-web-did-not-begin-in-2008
Please Don’t Ask AI If Something Is Poisonous	https://www.scientificamerican.com/article/has-generative-ai-lost-its-strange-charm/	20240925	20241118	https://web.archive.org/web/20241002115936/https://www.scientificamerican.com/article/has-generative-ai-lost-its-strange-charm/
Google’s NotebookLM can help you dive deeper into YouTube videos	https://www.theverge.com/2024/9/26/24255176/google-notebooklm-summarize-youtube-videos-ai	20240926	20241118	https://web.archive.org/web/20241008161625/https://www.theverge.com/2024/9/26/24255176/google-notebooklm-summarize-youtube-videos-ai
Project Overview ‹ AI-Implanted False Memories – MIT Media Lab	https://www.media.mit.edu/projects/ai-false-memories/overview/	20240831	20241118	https://web.archive.org/web/20241017202400/https://www.media.mit.edu/projects/ai-false-memories/overview/
Greppability is an underrated code metric	https://morizbuesing.com/blog/greppability-code-metric/	20240829	20241118	https://web.archive.org/web/20241108212556/https://morizbuesing.com/blog/greppability-code-metric/
Copyright Is Not a Tool to Silence Critics of Religious Education	https://www.eff.org/deeplinks/2024/08/copyright-not-tool-silence-critics-religious-education	20240828	20241118	https://web.archive.org/web/20241009181904/https://www.eff.org/deeplinks/2024/08/copyright-not-tool-silence-critics-religious-education
The Imperial Origins of Big Data - Yale University Press	https://yalebooks.yale.edu/2024/08/28/the-imperial-origins-of-big-data/	20240828	20241118	https://web.archive.org/web/20241114104339/https://yalebooks.yale.edu/2024/08/28/the-imperial-origins-of-big-data
The /llms.txt file – llms-txt	https://llmstxt.org/	20240903	20241118	https://web.archive.org/web/20241007211913/https://llmstxt.org/
Disappearing web and what to do about it.	https://skatkov.com/posts/2024-08-16-disappearing-web-and-what-to-do-about-it-1	20240816	20241118	https://web.archive.org/web/20240916000554/https://skatkov.com/posts/2024-08-16-disappearing-web-and-what-to-do-about-it-1
Turn Your Code Into Pixel Art	https://thoughtbot.com/blog/turn-your-code-into-pixel-art	20240102	20241118	https://web.archive.org/web/20240613232752/https://thoughtbot.com/blog/turn-your-code-into-pixel-art
US, Britain, EU to sign first international AI treaty	https://www.reuters.com/technology/artificial-intelligence/us-britain-eu-sign-agreement-ai-standards-ft-reports-2024-09-05/	N/A	20241118	https://web.archive.org/web/20241116044443/https://www.reuters.com/technology/artificial-intelligence/us-britain-eu-sign-agreement-ai-standards-ft-reports-2024-09-05/
New AI model “learns” how to simulate Super Mario Bros. from video footage	https://arstechnica.com/ai/2024/09/new-ai-model-learns-how-to-simulate-super-mario-bros-from-video-footage/	20240905	20241118	https://web.archive.org/web/20241003011320/https://arstechnica.com/ai/2024/09/new-ai-model-learns-how-to-simulate-super-mario-bros-from-video-footage/
GPT-fabricated scientific papers on Google Scholar: Key features, spread, and implications for preempting evidence manipulation | HKS Misinformation Review	https://misinforeview.hks.harvard.edu/article/gpt-fabricated-scientific-papers-on-google-scholar-key-features-spread-and-implications-for-preempting-evidence-manipulation/	20240903	20241118	https://web.archive.org/web/20241111123327/https://misinforeview.hks.harvard.edu/article/gpt-fabricated-scientific-papers-on-google-scholar-key-features-spread-and-implications-for-preempting-evidence-manipulation/
Google is losing its status as a verb	https://www.businessinsider.com/google-losing-status-as-verb-genz-2024-9	20240906	20241118	https://web.archive.org/web/20241009035149/https://www.businessinsider.com/google-losing-status-as-verb-genz-2024-9
Bitten by Unicode – pyATL	https://pyatl.dev/2024/09/01/bitten-by-unicode/	20240901	20241118	https://web.archive.org/web/20240926002338/https://pyatl.dev/2024/09/01/bitten-by-unicode/
LLMs produce racist output when prompted in African American English	https://www.nature.com/articles/d41586-024-02527-x?error=cookies_not_supported&code=259c2904-c99c-49f3-b0bc-b07369ff59f9	20240828	20241118	https://web.archive.org/web/20241009103039/https://www.nature.com/articles/d41586-024-02527-x
Jeremy Couillard’s video games capture what it’s like to be alive right now	https://www.artbasel.com/stories/jeremy-couillard-video-games-mit-list-visual-arts-center-critique-contemporary-life-digital-landscapes	20240209	20241118	https://web.archive.org/web/20240925054917/https://www.artbasel.com/stories/jeremy-couillard-video-games-mit-list-visual-arts-center-critique-contemporary-life-digital-landscapes
ON ALGORITHMIC WAGE DISCRIMINATION - Columbia Law Review	https://columbialawreview.org/content/on-algorithmic-wage-discrimination/	20231120	20241118	https://web.archive.org/web/20241002001051/https://columbialawreview.org/content/on-algorithmic-wage-discrimination/
Inrupt, Tim Berners-Lee's Solid, and Me	https://www.schneier.com/blog/archives/2020/02/inrupt_tim_bern.html	20200824	20241118	https://web.archive.org/web/20240911071943/http://www.schneier.com/blog/archives/2020/02/inrupt_tim_bern.html
Can You Trust Dr. Wikipedia?	https://www.mcgill.ca/oss/article/critical-thinking-technology/can-you-trust-dr-wikipedia	20240906	20241118	https://web.archive.org/web/20241114162539/https://www.mcgill.ca/oss/article/critical-thinking-technology/can-you-trust-dr-wikipedia
An AI Bot Named James Has My Old Local News Job	https://archive.is/20240911195523/https://www.wired.com/story/an-ai-bot-named-james-has-my-old-local-news-job/	N/A	20241118	https://web.archive.org/web/20241116224106/https://www.wired.com/story/an-ai-bot-named-james-has-my-old-local-news-job/
Facebook admits to scraping every Australian adult user's public photos and posts to train AI, with no opt-out option	https://www.abc.net.au/news/2024-09-11/facebook-scraping-photos-data-no-opt-out/104336170	20240910	20241118	https://web.archive.org/web/20241113021725/https://www.abc.net.au/news/2024-09-11/facebook-scraping-photos-data-no-opt-out/104336170
The Network is the Territory	https://thelastwave.substack.com/p/the-network-is-the-territory	20240908	20241118	https://web.archive.org/web/20240927171654/https://thelastwave.substack.com/p/the-network-is-the-territory
Grounding AI in reality with a little help from Data Commons	https://research.google/blog/grounding-ai-in-reality-with-a-little-help-from-data-commons/	20241111	20241118	https://web.archive.org/web/20241007043303/http://research.google/blog/grounding-ai-in-reality-with-a-little-help-from-data-commons/
Did ChatGPT just message me... First?	https://old.reddit.com/r/ChatGPT/comments/1fhhh6b/did_chatgpt_just_message_me_first/	N/A	20241118	https://web.archive.org/web/20241110120220/https://old.reddit.com/r/ChatGPT/comments/1fhhh6b/did_chatgpt_just_message_me_first/
The Tao of Unicode Sparklines	https://blog.jonudell.net/2021/08/05/the-tao-of-unicode-sparklines/	20210805	20241118	https://web.archive.org/web/20241003085029/https://blog.jonudell.net/2021/08/05/the-tao-of-unicode-sparklines/
Move over, text: Video is the new medium of our lives	https://www.technologyreview.com/2024/08/24/1096621/video-cultural-impact-learning-communication/	20240824	20241118	https://web.archive.org/web/20241016085832/https://www.technologyreview.com/2024/08/24/1096621/video-cultural-impact-learning-communication/
AI and the future of sex	https://www.technologyreview.com/2024/08/26/1096526/ai-sex-relationships-porn/	20240826	20241118	https://web.archive.org/web/20241117233004/https://www.technologyreview.com/2024/08/26/1096526/ai-sex-relationships-porn/
Here’s how people are actually using AI	https://www.technologyreview.com/2024/08/12/1096202/how-people-actually-using-ai/	20240812	20241118	https://web.archive.org/web/20241007095651/https://www.technologyreview.com/2024/08/12/1096202/how-people-actually-using-ai/
We need to prepare for ‘addictive intelligence’	https://www.technologyreview.com/2024/08/05/1095600/we-need-to-prepare-for-addictive-intelligence/	20240805	20241118	https://web.archive.org/web/20241112211821/https://www.technologyreview.com/2024/08/05/1095600/we-need-to-prepare-for-addictive-intelligence/
A new public database lists all the ways AI could go wrong	https://www.technologyreview.com/2024/08/14/1096455/new-database-lists-ways-ai-go-wrong/	20240814	20241118	https://web.archive.org/web/20241007104621/https://www.technologyreview.com/2024/08/14/1096455/new-database-lists-ways-ai-go-wrong/
The race to save our online lives from a digital dark age	https://www.technologyreview.com/2024/08/19/1096284/data-archives-archeologists-tiktok-future-wayback-machine/	20240819	20241118	https://web.archive.org/web/20241009224431/https://www.technologyreview.com/2024/08/19/1096284/data-archives-archeologists-tiktok-future-wayback-machine/
How gamification took over the world	https://www.technologyreview.com/2024/06/13/1093375/gamification-behaviorism-npcs-video-games/	20240613	20241118	https://web.archive.org/web/20240914221301/https://www.technologyreview.com/2024/06/13/1093375/gamification-behaviorism-npcs-video-games/
Algorithms are everywhere	https://www.technologyreview.com/2024/02/27/1088164/algorithms-book-reviews-kyle-chayka-chris-wiggins-matthew-l-jones-josh-simons/	20240227	20241118	https://web.archive.org/web/20240906071156/https://www.technologyreview.com/2024/02/27/1088164/algorithms-book-reviews-kyle-chayka-chris-wiggins-matthew-l-jones-josh-simons/
Wikimedia’s CTO: In the age of AI, human contributors still matter	https://www.technologyreview.com/2024/02/26/1088137/wikimedia-wikipedia-cto-selena-deckelmann-ai-human-contributions/	20240226	20241118	https://web.archive.org/web/20241008002345/https://www.technologyreview.com/2024/02/26/1088137/wikimedia-wikipedia-cto-selena-deckelmann-ai-human-contributions/
The online art catalogue that chronicles a stolen African heritage	https://www.technologyreview.com/2024/01/04/1084777/digital-benin-project-nigeria-art-repatriation/	20240104	20241118	https://web.archive.org/web/20240917101911/https://www.technologyreview.com/2024/01/04/1084777/digital-benin-project-nigeria-art-repatriation/
Recapturing early-internet whimsy with HTML	https://www.technologyreview.com/2023/12/21/1084525/internet-whimsy-html-energy/	20231221	20241118	https://web.archive.org/web/20240922071823/https://www.technologyreview.com/2023/12/21/1084525/internet-whimsy-html-energy/
The grassroots push to digitize India’s most precious documents	https://www.technologyreview.com/2023/10/25/1081572/india-digitize-rare-documents-internet-archive-library-servants-of-knowledge/	20231025	20241118	https://web.archive.org/web/20240520002636/https://www.technologyreview.com/2023/10/25/1081572/india-digitize-rare-documents-internet-archive-library-servants-of-knowledge/
Stephen Wolfram thinks we need philosophers working on big questions around AI | TechCrunch	https://techcrunch.com/2024/08/25/stephen-wolfram-thinks-we-need-philosophers-working-on-big-questions-around-ai/	20240825	20241118	https://web.archive.org/web/20240916220748/https://techcrunch.com/2024/08/25/stephen-wolfram-thinks-we-need-philosophers-working-on-big-questions-around-ai/
The Psychology of Immersion in Video Games	https://www.psychologyofgames.com/2010/07/the-psychology-of-immersion-in-video-games/	20100728	20241118	https://web.archive.org/web/20240828010204/https://www.psychologyofgames.com/2010/07/the-psychology-of-immersion-in-video-games/
Research shows more than 80% of AI projects fail, wasting billions of dollars in capital and resources: Report | Tom's Hardware	https://www.tomshardware.com/tech-industry/artificial-intelligence/research-shows-more-than-80-of-ai-projects-fail-wasting-billions-of-dollars-in-capital-and-resources-report	20240828	20241118	https://web.archive.org/web/20240918115829/https://www.tomshardware.com/tech-industry/artificial-intelligence/research-shows-more-than-80-of-ai-projects-fail-wasting-billions-of-dollars-in-capital-and-resources-report
When It Comes to Artificial Intelligence, ‘Big Data’ Isn’t Everything	https://www.discoursemagazine.com/p/when-it-comes-to-artificial-intelligence	20240828	20241118	https://web.archive.org/web/20240903005525/https://www.discoursemagazine.com/p/when-it-comes-to-artificial-intelligence
I spent an evening on a fictitious web	https://paul.kinlan.me/fictitious-web/	20240828	20241118	https://web.archive.org/web/20241003072321/https://paul.kinlan.me/fictitious-web/
How to build a terrible RAG system - jxnl.co	https://jxnl.co/writing/2024/01/07/inverted-thinking-rag/	20240107	20241118	https://web.archive.org/web/20240904003441/https://jxnl.co/writing/2024/01/07/inverted-thinking-rag/
Under Meredith Whittaker, Signal Is Out to Prove Surveillance Capitalism Wrong	https://www.wired.com/story/meredith-whittaker-signal/	20240828	20241118	https://web.archive.org/web/20241117115155/https://www.wired.com/story/meredith-whittaker-signal/
Rearchiving 2 million hours of digital radio, a comprehensive process	https://digitalpreservation-blog.nb.no/blog/2024-08-28-rearchiving-2-million-hours-of-digital-radio/	20240828	20241118	https://web.archive.org/web/20241001214900/https://digitalpreservation-blog.nb.no/blog/2024-08-28-rearchiving-2-million-hours-of-digital-radio/
Rediscovering the Small Web - Neustadt.fr	https://neustadt.fr/essays/the-small-web/	20200525	20241118	https://web.archive.org/web/20241112090010/https://neustadt.fr/essays/the-small-web/
Google Thinks Beethoven Looks Like Mr. Bean	https://www.honest-broker.com/p/google-thinks-beethoven-looks-like	20240830	20241118	https://web.archive.org/web/20240925223728/http://www.honest-broker.com/p/google-thinks-beethoven-looks-like
A new way to build neural networks could make AI more understandable	https://www.technologyreview.com/2024/08/30/1103385/a-new-way-to-build-neural-networks-could-make-ai-more-understandable/	20240830	20241118	https://web.archive.org/web/20241006140450/https://www.technologyreview.com/2024/08/30/1103385/a-new-way-to-build-neural-networks-could-make-ai-more-understandable/
Why A.I. Isn’t Going to Make Art	https://archive.is/20240831130230/https://www.newyorker.com/culture/the-weekend-essay/why-ai-isnt-going-to-make-art	N/A	20241118	https://web.archive.org/web/20241116133205/https://www.newyorker.com/culture/the-weekend-essay/why-ai-isnt-going-to-make-art
Chatbots Are Primed to Warp Reality	https://www.theatlantic.com/technology/archive/2024/08/chatbots-false-memories/679660/	20240830	20241118	https://web.archive.org/web/20241112234425/https://www.theatlantic.com/technology/archive/2024/08/chatbots-false-memories/679660/
Political posts on X could harm academics' credibility, new study finds	https://www.bath.ac.uk/announcements/political-posts-on-x-could-harm-academics-credibility-new-study-finds/	20240828	20241118	https://web.archive.org/web/20241115074659/https://www.bath.ac.uk/announcements/political-posts-on-x-could-harm-academics-credibility-new-study-finds/
What we can learn from vintage computing	https://github.com/readme/featured/vintage-computing	20221213	20241118	https://web.archive.org/web/20240927005801/https://github.com/readme/featured/vintage-computing
Artificial intelligence is losing hype	https://archive.is/20240821063622/https://www.economist.com/finance-and-economics/2024/08/19/artificial-intelligence-is-losing-hype	N/A	20241118	https://web.archive.org/web/20241115195107/https://www.economist.com/finance-and-economics/2024/08/19/artificial-intelligence-is-losing-hype
Against nostalgia in computing	https://omar.website/posts/against-nostalgia-in-computing/	None	20241118	https://web.archive.org/web/20240820210721/https://omar.website/posts/against-nostalgia-in-computing/
No one’s ready for this	https://www.theverge.com/2024/8/22/24225972/ai-photo-era-what-is-reality-google-pixel-9	20240822	20241118	https://web.archive.org/web/20241117173526/https://www.theverge.com/2024/8/22/24225972/ai-photo-era-what-is-reality-google-pixel-9
Was Linguistic A.I. Created by Accident?	https://archive.is/20240823103718/https://www.newyorker.com/science/annals-of-artificial-intelligence/was-linguistic-ai-created-by-accident	N/A	20241118	https://web.archive.org/web/20241001135833/https://www.newyorker.com/science/annals-of-artificial-intelligence/was-linguistic-ai-created-by-accident
A Short History of Glitch Art: From Inception to the Present Day	https://medium.com/@pauldowling/a-short-history-of-glitch-art-from-inception-to-the-present-day-7068e4e39482	N/A	20241118	https://web.archive.org/web/20240608232548/https://medium.com/@pauldowling/a-short-history-of-glitch-art-from-inception-to-the-present-day-7068e4e39482
Facebook Banned Me for Life Because I Help People Use It Less	https://slate.com/technology/2021/10/facebook-unfollow-everything-cease-desist.html	20211007	20241118	https://web.archive.org/web/20241112212903/https://slate.com/technology/2021/10/facebook-unfollow-everything-cease-desist.html
More than calculators: Why large language models threaten learning, teaching, and education	https://medium.com/bits-and-behavior/more-than-calculators-why-large-language-models-threaten-public-education-480dd5300939	N/A	20241118	https://web.archive.org/web/20240917000820/https://medium.com/bits-and-behavior/more-than-calculators-why-large-language-models-threaten-public-education-480dd5300939
Olivetti Programma 101: at the origins of the Personal Computer | Inexhibit	https://www.inexhibit.com/case-studies/olivetti-programma-101-at-the-origins-of-the-personal-computer/	20170212	20241118	https://web.archive.org/web/20241012035247/https://www.inexhibit.com/case-studies/olivetti-programma-101-at-the-origins-of-the-personal-computer/
Capt. Grace Hopper on Future Possibilities: Data, Hardware, Software, and People (1982)	https://www.nsa.gov/helpful-links/nsa-foia/declassification-transparency-initiatives/historical-releases/view/article/3880193/capt-grace-hopper-on-future-possibilities-data-hardware-software-and-people-1982/	20240826	20241118	https://web.archive.org/web/20240929181608/http://www.nsa.gov/helpful-links/nsa-foia/declassification-transparency-initiatives/historical-releases/view/article/3880193/capt-grace-hopper-on-future-possibilities-data-hardware-software-and-people-1982/
Inside the long quest to advance Chinese writing technology	https://www.technologyreview.com/2024/08/26/1096630/chinese-writing-technology-evolution-thomas-mullaney/	20240826	20241118	https://web.archive.org/web/20240917213508/https://www.technologyreview.com/2024/08/26/1096630/chinese-writing-technology-evolution-thomas-mullaney/
What happened to BERT & T5? On Transformer Encoders, PrefixLM and Denoising Objectives — Yi Tay	https://www.yitay.net/blog/model-architecture-blogpost-encoders-prefixlm-denoising	20240716	20241118	https://web.archive.org/web/20241113024743/https://www.yitay.net/blog/model-architecture-blogpost-encoders-prefixlm-denoising
We need new metaphors that put life at the centre of biology | Aeon Essays	https://aeon.co/essays/we-need-new-metaphors-that-put-life-at-the-centre-of-biology	20240712	20241118	https://web.archive.org/web/20241114130459/https://aeon.co/essays/we-need-new-metaphors-that-put-life-at-the-centre-of-biology
The Elegance of the ASCII Table	https://danq.me/2024/07/21/ascii/	20240721	20241118	https://web.archive.org/web/20241002212610/https://danq.me/2024/07/21/ascii/
Data For The Ages, Take Two	https://taoofmac.com/space/blog/2020/10/24/2100	20201024	20241118	https://web.archive.org/web/20240801073833/https://taoofmac.com/space/blog/2020/10/24/2100
Switzerland now requires all government software to be open source	https://www.zdnet.com/article/switzerland-now-requires-all-government-software-to-be-open-source/	20240729	20241118	https://web.archive.org/web/20241118041453/https://www.zdnet.com/article/switzerland-now-requires-all-government-software-to-be-open-source/
The Data That Powers A.I. Is Disappearing Fast	https://www.nytimes.com/2024/07/19/technology/ai-data-restrictions.html	20240719	20241118	https://web.archive.org/web/20241116211545/https://www.nytimes.com/2024/07/19/technology/ai-data-restrictions.html
Why AI Model Collapse Due to Self-Training Is a Growing Concern	https://gizmodo.com/ai-learning-from-its-own-nonsense-might-just-self-destruct-experts-warn-2000478095	20240724	20241118	https://web.archive.org/web/20240804115252/https://gizmodo.com/ai-learning-from-its-own-nonsense-might-just-self-destruct-experts-warn-2000478095
Dirty Secrets of BookCorpus, a Key Dataset in Machine Learning	https://towardsdatascience.com/dirty-secrets-of-bookcorpus-a-key-dataset-in-machine-learning-6ee2927e8650	N/A	20241118	https://web.archive.org/web/20240521171907/https://towardsdatascience.com/dirty-secrets-of-bookcorpus-a-key-dataset-in-machine-learning-6ee2927e8650
Tiktok LLM	https://thenewinquiry.com/tiktok-llm/	20240624	20241118	https://web.archive.org/web/20241114130534/https://thenewinquiry.com/tiktok-llm/
The bizarre secrets I found investigating corrupt Winamp skins	https://jordaneldredge.com/notes/corrupted-skins/	20240724	20241118	https://web.archive.org/web/20241114045710/https://jordaneldredge.com/notes/corrupted-skins/
Open File format in data analytics and AI - changing the international rules game	https://www.makingmeaning.info/post/open-file-format-in-data-analytics-and-ai-changing-the-international-rules-game	20240727	20241118	https://web.archive.org/web/20240809000505/https://www.makingmeaning.info/post/open-file-format-in-data-analytics-and-ai-changing-the-international-rules-game
Data from deleted GitHub repos may not really be deleted	https://www.theregister.com/2024/07/25/data_from_deleted_github_repos/	20240725	20241118	https://web.archive.org/web/20240927141944/https://www.theregister.com/2024/07/25/data_from_deleted_github_repos/
Ethics of Local LLMs: A Response to Zuckerberg's ''Open Source AI Manifesto''	https://techshinobi.org/posts/ethics-llm/	20240725	20241118	https://web.archive.org/web/20240810010543/https://techshinobi.org/posts/ethics-llm/
The Backlash Against AI Scraping Is Real and Measurable	https://www.404media.co/the-backlash-against-ai-scraping-is-real-and-measurable/	20240723	20241118	https://web.archive.org/web/20240919144543/https://www.404media.co/the-backlash-against-ai-scraping-is-real-and-measurable/
New study on AI-assisted creativity reveals an interesting social dilemma	https://www.psypost.org/new-study-on-ai-assisted-creativity-reveals-an-interesting-social-dilemma/	20240728	20241118	https://web.archive.org/web/20240816023602/https://www.psypost.org/new-study-on-ai-assisted-creativity-reveals-an-interesting-social-dilemma/
Reimagining the Semantic Web: UCL's Innovative Synthesis of AI and Web Science - Browser London	https://www.browserlondon.com/blog/2024/07/29/reimagining_the_semantic_web/	20240729	20241118	https://web.archive.org/web/20240731185536/https://www.browserlondon.com/blog/2024/07/29/reimagining_the_semantic_web/
How embedding models encode semantic meaning	https://garrit.xyz/posts/2024-08-03-how-embedding-models-encode-semantic-meaning	20240803	20241118	https://web.archive.org/web/20241004035537/https://garrit.xyz/posts/2024-08-03-how-embedding-models-encode-semantic-meaning
To preserve their work — and drafts of history — journalists take archiving into their own hands	https://www.niemanlab.org/2024/07/to-preserve-their-work-and-drafts-of-history-journalists-take-archiving-into-their-own-hands/	20240731	20241118	https://web.archive.org/web/20241104113625/https://www.niemanlab.org/2024/07/to-preserve-their-work-and-drafts-of-history-journalists-take-archiving-into-their-own-hands/
Free Software Needs Free Tools :: Benjamin Mako Hill	https://mako.cc/writing/hill-free_tools.html	20100604	20241118	https://web.archive.org/web/20241112125110/https://mako.cc/writing/hill-free_tools.html
Has the AI bubble burst? Wall Street wonders if artificial intelligen…	https://archive.is/20240804101907/https://edition.cnn.com/2024/08/02/tech/wall-street-asks-big-tech-will-ai-ever-make-money/index.html	20240804	20241118	https://web.archive.org/web/20241116222630/https://edition.cnn.com/2024/08/02/tech/wall-street-asks-big-tech-will-ai-ever-make-money/index.html
Debates on the nature of artificial general intelligence | Science	https://archive.is/20240701094526/https://www.science.org/doi/10.1126/science.ado7069	20240701	20241118	https://web.archive.org/web/20240828135219/https://www.science.org/doi/10.1126/science.ado7069
Myspace celebrates its 21st birthday. Do we still need it? | TribLIVE…	https://archive.is/j97u1	20240806	20241118	N/A
The Great Open Source Shake-up	https://katedowninglaw.com/2019/09/08/the-great-open-source-shake-up/	20190908	20241118	https://web.archive.org/web/20240914141455/https://katedowninglaw.com/2019/09/08/the-great-open-source-shake-up/
Google and Meta struck secret ads deal to target teenagers	https://archive.is/20240808040427/https://www.ft.com/content/b3bb80f4-4e01-4ce6-8358-f4f8638790f8	20240808	20241118	https://web.archive.org/web/20241008062328/https://www.ft.com/content/b3bb80f4-4e01-4ce6-8358-f4f8638790f8
Demo: Predicting social science experimental results using LLMs	https://www.treatmenteffect.app/	N/A	20241118	https://web.archive.org/web/20241007233050/https://www.treatmenteffect.app/
AI and the techno-utopian path not taken	https://mondediplo.com/2024/08/07ai-cold-war	20240801	20241118	https://web.archive.org/web/20241010005257/https://mondediplo.com/2024/08/07ai-cold-war
Is It Time To Version Observability? (Signs Point To Yes)	https://charity.wtf/2024/08/07/is-it-time-to-version-observability-signs-point-to-yes/	20240807	20241118	https://web.archive.org/web/20241004173830/https://charity.wtf/2024/08/07/is-it-time-to-version-observability-signs-point-to-yes
How Algorithms Keep Workers Under Their Control	https://insight.kellogg.northwestern.edu/article/hatim-rahman-book-excerpt	20240805	20241118	https://web.archive.org/web/20241001214942/https://insight.kellogg.northwestern.edu/article/hatim-rahman-book-excerpt
Cannibal AIs Could Risk Digital 'Mad Cow Disease' Without Fresh Data	https://www.sciencealert.com/cannibal-ais-could-risk-digital-mad-cow-disease-without-fresh-data	20240806	20241118	https://web.archive.org/web/20240905211601/https://www.sciencealert.com/cannibal-ais-could-risk-digital-mad-cow-disease-without-fresh-data
Excess memes and ‘reply all’ emails are bad for climate, researcher warns	https://www.theguardian.com/media/article/2024/aug/09/excess-memes-photos-and-reply-all-emails-are-bad-for-climate-finds-study	20240809	20241118	https://web.archive.org/web/20241017202405/https://www.theguardian.com/media/article/2024/aug/09/excess-memes-photos-and-reply-all-emails-are-bad-for-climate-finds-study
Research AI model unexpectedly modified its own code to extend runtime	https://arstechnica.com/information-technology/2024/08/research-ai-model-unexpectedly-modified-its-own-code-to-extend-runtime/	20240814	20241118	https://web.archive.org/web/20241116150352/https://arstechnica.com/information-technology/2024/08/research-ai-model-unexpectedly-modified-its-own-code-to-extend-runtime/
Code as Art	https://www.awwsmm.com/blog/code-as-art	20240817	20241118	https://web.archive.org/web/20240921051042/https://www.awwsmm.com/blog/code-as-art
Markov chains are funnier than LLMs	https://emnudge.dev/blog/markov-chains-are-funny/	20240818	20241118	https://web.archive.org/web/20241011135047/https://emnudge.dev/blog/markov-chains-are-funny/
What If Data Is a Bad Idea?	https://schmud.de/posts/2024-08-18-data-is-a-bad-idea.html	20240818	20241118	https://web.archive.org/web/20240925170839/https://schmud.de/posts/2024-08-18-data-is-a-bad-idea.html
OpenAI’s latest model will block the ‘ignore all previous instructions’ loophole	https://www.theverge.com/2024/7/19/24201414/openai-chatgpt-gpt-4o-prompt-injection-instruction-hierarchy	20240719	20241118	https://web.archive.org/web/20241006205907/https://www.theverge.com/2024/7/19/24201414/openai-chatgpt-gpt-4o-prompt-injection-instruction-hierarchy
LLMs Know More Than What They Say	https://arjunbansal.substack.com/p/llms-know-more-than-what-they-say	20240815	20241118	https://web.archive.org/web/20240916183419/https://arjunbansal.substack.com/p/llms-know-more-than-what-they-say
Whatever Happened to the Semantic Web?	https://twobithistory.org/2018/05/27/semantic-web.html	20180527	20241118	https://web.archive.org/web/20241015051722/https://twobithistory.org/2018/05/27/semantic-web.html
On the cruelty of really teaching computing science (EWD 1036)	https://www.cs.utexas.edu/~EWD/transcriptions/EWD10xx/EWD1036.html	20090512	20241118	https://web.archive.org/web/20241117144417/https://www.cs.utexas.edu/~EWD/transcriptions/EWD10xx/EWD1036.html
The 𝕆ᗪ⒟𝙞ȶч of Unicode Homoglyphs	https://medium.com/@Andrew_Mc/the-%E1%97%AA-%C8%B6%D1%87-of-unicode-homoglyphs-41ee73b57913	N/A	20241119	https://web.archive.org/web/20221001235603/https://medium.com/@Andrew_Mc/the-%E1%97%AA-%C8%B6%D1%87-of-unicode-homoglyphs-41ee73b57913
ChatGPT outperforms undergrads in intro-level courses, falls short later	https://arstechnica.com/ai/2024/06/chatgpt-outperforms-undergrads-in-intro-level-courses-falls-short-later/	20240628	20241119	https://web.archive.org/web/20240822193059/https://arstechnica.com/ai/2024/06/chatgpt-outperforms-undergrads-in-intro-level-courses-falls-short-later/
The telltale words that could identify generative AI text	https://arstechnica.com/ai/2024/07/the-telltale-words-that-could-identify-generative-ai-text/	20240701	20241119	https://web.archive.org/web/20241007111801/https://arstechnica.com/ai/2024/07/the-telltale-words-that-could-identify-generative-ai-text/
Study reveals why AI models that analyze medical images can be biased	https://medicalxpress.com/news/2024-06-reveals-ai-medical-images-biased.html	20240628	20241119	https://web.archive.org/web/20240725064559/https://medicalxpress.com/news/2024-06-reveals-ai-medical-images-biased.html
What I’ve learned about Open Source community over 30 years - OpenSource.net	https://opensource.net/lessons-learned-open-source-30-years-freedos/	20240629	20241119	https://web.archive.org/web/20240812211350/https://opensource.net/lessons-learned-open-source-30-years-freedos/
Design as Thought: AI and the Future of Design	https://ia.net/topics/design-as-thought	20240608	20241119	https://web.archive.org/web/20240926155120/https://ia.net/topics/design-as-thought
Google: AI Potentially Breaking Reality Is a Feature Not a Bug	https://www.404media.co/google-ai-potentially-breaking-reality-is-a-feature-not-a-bug/	20240703	20241119	https://web.archive.org/web/20241118052526/http://www.404media.co/google-ai-potentially-breaking-reality-is-a-feature-not-a-bug/
Free and Open Source Software–and Other Market Failures – Communications of the ACM	https://cacm.acm.org/practice/free-and-open-source-software-and-other-market-failures/	20240703	20241119	https://web.archive.org/web/20240907231645/https://cacm.acm.org/practice/free-and-open-source-software-and-other-market-failures/
Ever put content on the web? Microsoft says that it's okay for them to steal it because it's 'freeware.'	https://www.windowscentral.com/software-apps/ever-put-content-on-the-web-microsoft-says-that-its-okay-for-them-to-steal-it-because-its-freeware	20240628	20241119	https://web.archive.org/web/20240917204711/https://www.windowscentral.com/software-apps/ever-put-content-on-the-web-microsoft-says-that-its-okay-for-them-to-steal-it-because-its-freeware
How Good Is ChatGPT at Coding, Really?	https://spectrum.ieee.org/chatgpt-for-coding	20240706	20241119	https://web.archive.org/web/20241002045047/https://spectrum.ieee.org/chatgpt-for-coding
Closing the Gap in Non-Latin-Script Data: A tool for building and navigating collections of DH research projects	https://openmethods.dariah.eu/2023/08/09/closing-the-gap-in-non-latin-script-data-a-tool-for-building-and-navigating-collections-of-dh-research-projects/	20230809	20241119	https://web.archive.org/web/20240619164539/https://openmethods.dariah.eu/2023/08/09/closing-the-gap-in-non-latin-script-data-a-tool-for-building-and-navigating-collections-of-dh-research-projects/
Scripts, Transliteration, and Computer Access	https://webdoc.sub.gwdg.de/edoc/aw/d-lib/dlib/march97/sesame/03clews.html	19970101	20241119	https://web.archive.org/web/20150920203400/http://webdoc.sub.gwdg.de/edoc/aw/d-lib/dlib/march97/sesame/03clews.html
Vision language models are blind	https://vlmsareblind.github.io/	20000101	20241119	https://web.archive.org/web/20241002162034/https://vlmsareblind.github.io/
Is AI the beginning of the democratization of creativity?	https://www.haebom.dev/d367nxm345nwj2j98pv1?tl=en	20241119	20241119	https://web.archive.org/web/20240714001244/https://www.haebom.dev/d367nxm345nwj2j98pv1?tl=en
We need visual programming. No, not like that.	https://blog.sbensu.com/posts/demand-for-visual-programming/	20240101	20241119	https://web.archive.org/web/20241114144257/https://blog.sbensu.com/posts/demand-for-visual-programming/
Google Now Defaults to Not Indexing Your Content	https://www.vincentschmalbach.com/google-now-defaults-to-not-indexing-your-content/	20240715	20241119	https://web.archive.org/web/20240926171320/https://www.vincentschmalbach.com/google-now-defaults-to-not-indexing-your-content/
Exploring the vastness of a website — Elliott's Computer	https://sites.elliott.computer/exploring-the-vastness-of-a-website.html	20190818	20241119	https://web.archive.org/web/20240720001234/https://sites.elliott.computer/exploring-the-vastness-of-a-website.html
It May Soon Be Legal to Jailbreak AI to Expose How it Works	https://www.404media.co/it-may-soon-be-legal-to-jailbreak-ai-to-expose-how-it-works/	20240718	20241119	https://web.archive.org/web/20240813124739/https://www.404media.co/it-may-soon-be-legal-to-jailbreak-ai-to-expose-how-it-works/
Want to spot a deepfake? Look for the stars in their eyes	https://ras.ac.uk/news-and-press/news/want-spot-deepfake-look-stars-their-eyes	20240717	20241119	https://web.archive.org/web/20240926113351/https://ras.ac.uk/news-and-press/news/want-spot-deepfake-look-stars-their-eyes
What Is ChatGPT Doing … and Why Does It Work?	https://writings.stephenwolfram.com/2023/02/what-is-chatgpt-doing-and-why-does-it-work/	20230214	20241119	https://web.archive.org/web/20241118170653/https://writings.stephenwolfram.com/2023/02/what-is-chatgpt-doing-and-why-does-it-work/
Large language model data pipelines and Common Crawl (WARC/WAT/WET)	https://blog.christianperone.com/2023/06/appreciating-llms-data-pipelines/	20230604	20241119	https://web.archive.org/web/20240927164505/https://blog.christianperone.com/2023/06/appreciating-llms-data-pipelines/
All the Data on Earth Can Fit in a Cup Full of DNA. This Is MIT’s Jurassic Park-Inspired Project	https://www.xatakaon.com/research/all-the-data-on-earth-can-fit-in-a-cup-full-of-dna-this-is-mits-jurassic-park-inspired-project	20240618	20241119	https://web.archive.org/web/20240717135310/https://www.xatakaon.com/research/all-the-data-on-earth-can-fit-in-a-cup-full-of-dna-this-is-mits-jurassic-park-inspired-project
AI’s Brain Drain	https://technicallyoptimistic.substack.com/p/ais-brain-drain	20240603	20241119	https://web.archive.org/web/20240620055917/https://technicallyoptimistic.substack.com/p/ais-brain-drain
Toolkits for the Mind	https://www.technologyreview.com/2015/04/02/168469/toolkits-for-the-mind/	20150402	20241119	https://web.archive.org/web/20240608193020/https://www.technologyreview.com/2015/04/02/168469/toolkits-for-the-mind/
Why your brain is 3 milion more times efficient than GPT-4 - dead simple introduction to Embeddings, HNSW, ANNS, Vector Databases and their comparison based on experience from production project	https://grski.pl/vdb	20230722	20241119	https://web.archive.org/web/20241001085321/https://grski.pl/vdb
AI Is Already Wreaking Havoc on Global Power Systems	https://www.bloomberg.com/tosv2.html?vid=&uuid=518bcf5f-318e-11ef-a054-df612398d583&url=L2dyYXBoaWNzLzIwMjQtYWktZGF0YS1jZW50ZXJzLXBvd2VyLWdyaWRzLz9hY2Nlc3NUb2tlbj1leUpoJTVCJUUyJTgwJUE2JTVET0VFd1Fqa3pRemRHTWlKOS4tUDd5cmE4UEwwQXlYOGp5VFBqTHcyaVlIU2g3UUZuVnRkRk40U3poeUFjJmxlYWRTb3VyY2U9dXZlcmlmeSUyMHdhbGw%3D	None	20241119	https://web.archive.org/web/20241119103017/https://www.bloomberg.com/tosv2.html?vid=&uuid=518bcf5f-318e-11ef-a054-df612398d583&url=L2dyYXBoaWNzLzIwMjQtYWktZGF0YS1jZW50ZXJzLXBvd2VyLWdyaWRzLz9hY2Nlc3NUb2tlbj1leUpoJTVCJUUyJTgwJUE2JTVET0VFd1Fqa3pRemRHTWlKOS4tUDd5cmE4UEwwQXlYOGp5VFBqTHcyaVlIU2g3UUZuVnRkRk40U3poeUFjJmxlYWRTb3VyY2U9dXZlcmlmeSUyMHdhbGw%3D
A Third-World Critique of the Human Rights-Based Approach to Content Moderation | TechPolicy.Press	https://www.techpolicy.press/a-thirdworld-critique-of-the-human-rightsbased-approach-to-content-moderation/	20240623	20241119	https://web.archive.org/web/20240917161055/https://www.techpolicy.press/a-thirdworld-critique-of-the-human-rightsbased-approach-to-content-moderation/
Surfing the (Human-Made) Internet	https://mikegrindle.com/posts/surf	20240528	20241119	https://web.archive.org/web/20240723035320/https://mikegrindle.com/posts/surf
Human neuroscience is entering a new era — it mustn’t forget its human dimension	https://www.nature.com/articles/d41586-024-02022-3?error=cookies_not_supported&code=4a646f09-f205-4a57-a08a-a53df3c8f28f	20240619	20241119	https://web.archive.org/web/20240624190729/https://www.nature.com/articles/d41586-024-02022-3
What the internet looked like in 1994, according to 15 webpages born that year	https://www.fastcompany.com/91140068/how-the-internet-went-mainstream-in-1994	N/A	20241119	https://web.archive.org/web/20240908160838/https://www.fastcompany.com/91140068/how-the-internet-went-mainstream-in-1994
Measuring the Growth of the Web	https://www.mit.edu/people/mkgray/growth/	19950101	20241119	https://web.archive.org/web/20241007183814/http://www.mit.edu/people/mkgray/growth/
Could AI Achieve General Intelligence, and What Would That Even Mean?	https://www.scientificamerican.com/article/what-does-artificial-general-intelligence-actually-mean/	20240625	20241119	https://web.archive.org/web/20241108161446/https://www.scientificamerican.com/article/what-does-artificial-general-intelligence-actually-mean/
Researchers upend AI status quo by eliminating matrix multiplication in LLMs	https://arstechnica.com/information-technology/2024/06/researchers-upend-ai-status-quo-by-eliminating-matrix-multiplication-in-llms/	20240625	20241119	https://web.archive.org/web/20240822193248/https://arstechnica.com/information-technology/2024/06/researchers-upend-ai-status-quo-by-eliminating-matrix-multiplication-in-llms/
Pokémon Go Players Have Unwittingly Trained AI to Navigate the World	https://www.404media.co/pokemon-go-players-have-unwittingly-trained-ai-to-navigate-the-world/	20241119	20241123	https://web.archive.org/web/20241122132637/https://www.404media.co/pokemon-go-players-have-unwittingly-trained-ai-to-navigate-the-world/
Testing AI on language comprehension tasks reveals insensitivity to underlying meaning - Scientific Reports	https://www.nature.com/articles/s41598-024-79531-8?error=cookies_not_supported&code=e6dfa971-d674-4fdc-968c-77e94b1fc662	20241114	20241123	https://web.archive.org/web/20241123113852/https://www.nature.com/articles/s41598-024-79531-8
The macOS LC_COLLATE hunt - Zhiming Wang	https://blog.zhimingwang.org/macos-lc_collate-hunt	20200603	20241123	https://web.archive.org/web/20241121040044/https://blog.zhimingwang.org/macos-lc_collate-hunt
down in the posting mines / poking at ghosts	https://youngvulgarian.substack.com/p/down-in-the-posting-mines-poking	20241122	20241123	https://web.archive.org/web/20241122133047/https://youngvulgarian.substack.com/p/down-in-the-posting-mines-poking
How OpenAI stress-tests its large language models	https://www.technologyreview.com/2024/11/21/1107158/how-openai-stress-tests-its-large-language-models/	20241121	20241123	https://web.archive.org/web/20241122171224/https://www.technologyreview.com/2024/11/21/1107158/how-openai-stress-tests-its-large-language-models
For Teens Online, Conspiracy Theories Are Commonplace. Media Literacy Is Not. - EdSurge News	https://www.edsurge.com/news/2024-11-07-for-teens-online-conspiracy-theories-are-commonplace-media-literacy-is-not	20241107	20241123	https://web.archive.org/web/20241118092718/https://www.edsurge.com/news/2024-11-07-for-teens-online-conspiracy-theories-are-commonplace-media-literacy-is-not
Remembering Cyberia, the World's First Ever Cyber Cafe	https://www.vice.com/en/article/worlds-first-ever-cyber-cafe-cyberia-london/	20241121	20241123	https://web.archive.org/web/20241122013338/https://www.vice.com/en/article/worlds-first-ever-cyber-cafe-cyberia-london/
Autopoietic Networks	https://gbragafibra.github.io/2024/10/08/autopoietic_nets.html	20150201	20241124	https://web.archive.org/web/20241122145928/https://gbragafibra.github.io/2024/10/08/autopoietic_nets.html
The Fantasy of Cozy Tech	https://www.newyorker.com/culture/infinite-scroll/the-fantasy-of-cozy-tech	20241120	20241124	https://web.archive.org/web/20241122184134/https://www.newyorker.com/culture/infinite-scroll/the-fantasy-of-cozy-tech
‘All of a Sudden, Joe Blow Can See the CEO's Emails’	https://21hats.substack.com/p/all-of-a-sudden-joe-blow-can-see	20241121	20241124	https://web.archive.org/web/20241122024636/https://21hats.substack.com/p/all-of-a-sudden-joe-blow-can-see
Understanding the EU AI Act’s Impact and Ripple Effects in the US	https://www.informationweek.com/machine-learning-ai/understanding-the-eu-ai-act-s-impact-and-ripple-effects-in-the-us	20241008	20241124	https://web.archive.org/web/20241124115045/https://www.informationweek.com/machine-learning-ai/understanding-the-eu-ai-act-s-impact-and-ripple-effects-in-the-us
Creating a public counterpoint for AI | The Mozilla Blog	https://blog.mozilla.org/en/mozilla/ai/public-ai-counterpoint/	20241002	20241124	https://web.archive.org/web/20241122200013/https://blog.mozilla.org/en/mozilla/ai/public-ai-counterpoint/
Emoji history: the missing years	https://blog.gingerbeardman.com/2024/05/10/emoji-history-the-missing-years/	20240510	20241124	https://web.archive.org/web/20241115042045/https://blog.gingerbeardman.com/2024/05/10/emoji-history-the-missing-years/
How tech giants cut corners to harvest data for AI	https://www.seattletimes.com/business/how-tech-giants-cut-corners-to-harvest-data-for-ai/	20240406	20241124	https://web.archive.org/web/20240515050458/https://www.seattletimes.com/business/how-tech-giants-cut-corners-to-harvest-data-for-ai/
Autism & the Internet will defeat the Monoculture	https://www.writingruxandrabio.com/p/autism-and-the-internet-will-defeat	20240512	20241124	https://web.archive.org/web/20240928055312/https://www.writingruxandrabio.com/p/autism-and-the-internet-will-defeat
Exploring Hacker News by mapping and analyzing 40 million posts and comments for fun	https://blog.wilsonl.in/hackerverse/	20240410	20241124	https://web.archive.org/web/20241023205324/https://blog.wilsonl.in/hackerverse/
The British Library hack is a warning for all academic libraries	https://blogs.lse.ac.uk/impactofsocialsciences/2024/03/19/the-british-library-hack-is-a-warning-for-all-academic-libraries/	20240319	20241124	https://web.archive.org/web/20240914181828/https://blogs.lse.ac.uk/impactofsocialsciences/2024/03/19/the-british-library-hack-is-a-warning-for-all-academic-libraries/
Transformers Are What You Do Not Need	https://valeman.medium.com/transformers-are-what-you-do-not-need-cf16a4c13ab7	N/A	20241124	https://web.archive.org/web/20240523015628/https://valeman.medium.com/transformers-are-what-you-do-not-need-cf16a4c13ab7
The Website Obesity Crisis	https://idlewords.com/talks/website_obesity.htm	20150720	20241124	https://web.archive.org/web/20241123014630/http://idlewords.com/talks/website_obesity.htm
Open Source Is at a Crossroads	https://thenewstack.io/open-source-is-at-a-crossroads/	20240507	20241124	https://web.archive.org/web/20240626202548/https://thenewstack.io/open-source-is-at-a-crossroads/
The Small Web and Science	https://newton.cx/~peter/2024/small-web-and-science/	20240514	20241124	https://web.archive.org/web/20240517073826/https://newton.cx/~peter/2024/small-web-and-science/
Using Simple Tools as a Radical Act of Independence	https://www.untappedjournal.com/issues/issue-11/jarrett-fuller-building-with-simple-tools-longevity	20241118	20241124	https://web.archive.org/web/20240529052240/https://www.untappedjournal.com/issues/issue-11/jarrett-fuller-building-with-simple-tools-longevity
Why neural networks struggle with the Game of Life - TechTalks	https://bdtechtalks.com/2020/09/16/deep-learning-game-of-life/	20200916	20241124	https://web.archive.org/web/20240709031700/https://bdtechtalks.com/2020/09/16/deep-learning-game-of-life
How to Use GitHub Actions to Automate Data Scraping	https://medium.com/data-analytics-at-nesta/how-to-use-github-actions-to-automate-data-scraping-299690cd8bdb	N/A	20241124	https://web.archive.org/web/20241103170837/https://medium.com/data-analytics-at-nesta/how-to-use-github-actions-to-automate-data-scraping-299690cd8bdb
State of Compute Access: How to Bridge the New Digital Divide	https://www.institute.global/insights/tech-and-digitalisation/state-of-compute-access-how-to-bridge-the-new-digital-divide	20231207	20241124	https://web.archive.org/web/20240930131519/https://www.institute.global/insights/tech-and-digitalisation/state-of-compute-access-how-to-bridge-the-new-digital-divide
Indian Voters Are Being Bombarded With Millions of Deepfakes. Political Candidates Approve	https://www.wired.com/story/indian-elections-ai-deepfakes/	20240520	20241124	https://web.archive.org/web/20241122205027/https://www.wired.com/story/indian-elections-ai-deepfakes/
When Online Content Disappears	https://www.pewresearch.org/data-labs/2024/05/17/when-online-content-disappears/	20240517	20241124	https://web.archive.org/web/20241123051646/https://www.pewresearch.org/data-labs/2024/05/17/when-online-content-disappears/
You Don’t Own Your Content on the Internet. You Never Have.	https://preslav.me/2024/05/21/you-dont-own-your-content/	20240521	20241124	https://web.archive.org/web/20240623174323/https://preslav.me/2024/05/21/you-dont-own-your-content/
Do text embeddings perfectly encode text?	https://thegradient.pub/text-embedding-inversion/	20240305	20241124	https://web.archive.org/web/20241118083614/https://thegradient.pub/text-embedding-inversion/
A Brief Overview of Gender Bias in AI	https://thegradient.pub/gender-bias-in-ai/	20240408	20241124	https://web.archive.org/web/20241119032721/https://thegradient.pub/gender-bias-in-ai/
An Introduction to the Problems of AI Consciousness	https://thegradient.pub/an-introduction-to-the-problems-of-ai-consciousness/	20230930	20241124	https://web.archive.org/web/20241118082501/https://thegradient.pub/an-introduction-to-the-problems-of-ai-consciousness/
What Do LLMs Know About Linguistics? It Depends on How You Ask	https://thegradient.pub/what-do-llms-know-about-linguistics-it-depends-on-how-you-ask/	20230709	20241124	https://web.archive.org/web/20241118083709/https://thegradient.pub/what-do-llms-know-about-linguistics-it-depends-on-how-you-ask/
Grounding Large Language Models in a Cognitive Foundation: How to Build Someone We Can Talk To	https://thegradient.pub/grounding-large-language-models-in-a-cognitive-foundation/	20230415	20241124	https://web.archive.org/web/20240825002546/https://thegradient.pub/grounding-large-language-models-in-a-cognitive-foundation/
Large Language Model: world models or surface statistics?	https://thegradient.pub/othello/	20230121	20241124	https://web.archive.org/web/20241124123522/https://thegradient.pub/othello/
Here’s what’s really going on inside an LLM’s neural network	https://arstechnica.com/ai/2024/05/heres-whats-really-going-on-inside-an-llms-neural-network/	20240522	20241124	https://web.archive.org/web/20240813132728/https://arstechnica.com/ai/2024/05/heres-whats-really-going-on-inside-an-llms-neural-network/
Google Is Paying Reddit $60 Million for Fucksmith to Tell Its Users to Eat Glue	https://www.404media.co/google-is-paying-reddit-60-million-for-fucksmith-to-tell-its-users-to-eat-glue/	20240523	20241124	https://web.archive.org/web/20241115123122/https://www.404media.co/google-is-paying-reddit-60-million-for-fucksmith-to-tell-its-users-to-eat-glue/
Meta is using your Instagram and Facebook photos to train its AI models	https://www.businessinsider.com/meta-instagram-facebook-photos-used-in-ai-models-training-2024-5	20240511	20241124	https://web.archive.org/web/20241120151005/https://www.businessinsider.com/meta-instagram-facebook-photos-used-in-ai-models-training-2024-5
The Danger Of Superhuman AI Is Not What You Think | NOEMA	https://www.noemamag.com/the-danger-of-superhuman-ai-is-not-what-you-think/	20240523	20241124	https://web.archive.org/web/20241001015204/https://www.noemamag.com/the-danger-of-superhuman-ai-is-not-what-you-think/
What Science Forgets	https://nautil.us/what-science-forgets-604648/?_sp=3b7646b8-da5e-48e4-9c22-07699786cf6d.1716559517491	20240523	20241124	https://web.archive.org/web/20240527173534/https://nautil.us/what-science-forgets-604648/?_sp=3b7646b8-da5e-48e4-9c22-07699786cf6d.1716559517491
An Evolving Sixth Sense for AI	https://mindfront.ai/articles/sixth-sense-for-ai/	20240525	20241124	https://web.archive.org/web/20240525180215/https://mindfront.ai/articles/sixth-sense-for-ai/
Facebook users say 'amen' to bizarre AI-generated images of Jesus	https://www.nbcnews.com/tech/tech-news/facebook-users-say-amen-bizarre-ai-generated-images-jesus-rcna143965	20240319	20241124	https://web.archive.org/web/20241008084737/https://www.nbcnews.com/tech/tech-news/facebook-users-say-amen-bizarre-ai-generated-images-jesus-rcna143965
No, Today’s AI Isn’t Sentient. Here’s How We Know	https://time.com/collection/time100-voices/6980134/ai-llm-not-sentient/	20240522	20241124	https://web.archive.org/web/20241116230241/https://time.com/collection/time100-voices/6980134/ai-llm-not-sentient/
To the brain, reading computer code is not the same as reading language	https://news.mit.edu/2020/brain-reading-computer-code-1215	20201215	20241124	https://web.archive.org/web/20241119184624/https://news.mit.edu/2020/brain-reading-computer-code-1215
Partial Regurgitation and how LLMs really work	https://garymarcus.substack.com/p/partial-regurgitation-and-how-llms	20240523	20241124	https://web.archive.org/web/20240622215300/https://garymarcus.substack.com/p/partial-regurgitation-and-how-llms
Big Data is Dead	https://motherduck.com/blog/big-data-is-dead/	20230207	20241124	N/A
What Comes After Open Source	https://postopen.org/	20241024	20241124	N/A
How Many People Are Addicted to Social Media?	https://techjury.net/blog/social-media-addiction-statistics/	N/A	20241124	N/A
The next wave of AI hype will be geopolitical. You’re paying	https://archive.is/XlZUJ	20240529	20241124	https://web.archive.org/web/20240609071624/https://archive.is/XlZUJ
Indexing all of Wikipedia, on a laptop	https://foojay.io/today/indexing-all-of-wikipedia-on-a-laptop/	20240529	20241124	https://web.archive.org/web/20240907051109/https://foojay.io/today/indexing-all-of-wikipedia-on-a-laptop/
Engineering for Slow Internet – brr	https://brr.fyi/posts/engineering-for-slow-internet	20240530	20241124	https://web.archive.org/web/20240928170010/https://brr.fyi/posts/engineering-for-slow-internet
Understanding Large Language Models -- A Transformative Reading List	https://sebastianraschka.com/blog/2023/llm-reading-list.html	20230207	20241124	https://web.archive.org/web/20241121224156/https://sebastianraschka.com/blog/2023/llm-reading-list.html
1-bit LLMs Could Solve AI’s Energy Demands	https://spectrum.ieee.org/1-bit-llm	20240530	20241124	https://web.archive.org/web/20240927022928/https://spectrum.ieee.org/1-bit-llm
Tiny number of ‘supersharers’ spread the vast majority of fake news	https://www.science.org/content/article/tiny-number-supersharers-spread-vast-majority-fake-news	N/A	20241124	https://web.archive.org/web/20240911213950/https://www.science.org/content/article/tiny-number-supersharers-spread-vast-majority-fake-news
FineWeb: decanting the web for the finest text data at scale - a Hugging Face Space by HuggingFaceFW	https://huggingface.co/spaces/HuggingFaceFW/blogpost-fineweb-v1	20240523	20241124	https://web.archive.org/web/20240917163619/https://huggingface.co/spaces/HuggingFaceFW/blogpost-fineweb-v1
What AI thinks a beautiful woman looks like	https://www.washingtonpost.com/technology/interactive/2024/ai-bias-beautiful-women-ugly-images/	20240531	20241124	https://web.archive.org/web/20241010072345/https://www.washingtonpost.com/technology/interactive/2024/ai-bias-beautiful-women-ugly-images/
An Overview of the Textual Data Analysis Workflow	https://learn.scds.ca/text-analysis-1/overview.html	20210401	20241124	https://web.archive.org/web/20241124124005/https://learn.scds.ca/text-analysis-1/overview.html
domm / Perl / Chopping UTF-8	https://domm.plix.at/perl/2024_06_chopping_utf8.html	20240604	20241124	https://web.archive.org/web/20240608035536/https://domm.plix.at/perl/2024_06_chopping_utf8.html
How Online Privacy Is Like Fishing	https://spectrum.ieee.org/online-privacy	20240603	20241124	https://web.archive.org/web/20241116025408/https://spectrum.ieee.org/online-privacy
The Backrooms of the Internet Archive	https://blog.archive.org/2024/06/01/the-backrooms-of-the-internet-archive/	20240601	20241124	https://web.archive.org/web/20241121172955/https://blog.archive.org/2024/06/01/the-backrooms-of-the-internet-archive//
After Social Media	https://cphmag.com/after-social-media/	20200106	20241124	https://web.archive.org/web/20240616185757/https://cphmag.com/after-social-media/
Inside LLMs: understanding tokens - Generative AI France	https://gen-ai.fr/en/large-language-models/inside-llm-understanding-tokens/	20240610	20241124	https://web.archive.org/web/20240624201934/https://gen-ai.fr/en/large-language-models/inside-llm-understanding-tokens/
An Anonymous-Messaging App Upended This High School - WSJ	https://archive.is/OmvUT	20240610	20241124	N/A
Researchers Say There’s a Vulgar But More Accurate Term for AI Hallucinations	https://futurism.com/the-byte/researchers-ai-chatgpt-hallucinations-terminology	20240610	20241124	https://web.archive.org/web/20241122182836/https://futurism.com/the-byte/researchers-ai-chatgpt-hallucinations-terminology
We need a social science of data	https://archive.is/nMyNv	20240612	20241124	N/A
Hacker Theory - Journal #146	https://www.e-flux.com/journal/146/612576/hacker-theory/	20131222	20241124	https://web.archive.org/web/20240620214244/https://www.e-flux.com/journal/146/612576/hacker-theory/
Good code is rarely read	https://www.alexmolas.com/2024/06/06/good-code.html	20240606	20241124	https://web.archive.org/web/20240725090036/https://www.alexmolas.com/2024/06/06/good-code.html
Lies, Damned Lies, and Data Science	https://beabytes.com/data-science-lies/	N/A	20241124	https://web.archive.org/web/20240617013734/https://beabytes.com/data-science-lies/
Ghosts in the ROM	https://www.nycresistor.com/2012/08/21/ghosts-in-the-rom/	N/A	20241124	https://web.archive.org/web/20241121130742/https://www.nycresistor.com/2012/08/21/ghosts-in-the-rom/
How we Chunk - turning PDF's into hierarchical structure for RAG	https://old.reddit.com/r/LangChain/comments/1dpbc4g/how_we_chunk_turning_pdfs_into_hierarchical/	N/A	20241124	https://web.archive.org/web/20241124140309/https://old.reddit.com/r/LangChain/comments/1dpbc4g/how_we_chunk_turning_pdfs_into_hierarchical/
Coding a Neural Network from Scratch for Absolute Beginners	https://medium.com/@minhaskamal/coding-a-neural-network-from-scratch-for-absolute-beginners-1e68bb0461db	N/A	20241124	https://web.archive.org/web/20240705154401/https://medium.com/@minhaskamal/coding-a-neural-network-from-scratch-for-absolute-beginners-1e68bb0461db
Overcoming the limits of current LLM	https://seanpedersen.github.io/posts/overcoming-llm-limits	20240718	20241124	https://web.archive.org/web/20240719013232/https://seanpedersen.github.io/posts/overcoming-llm-limits
Demystifying cookies and tokens – Tommi Hovi	https://tommihovi.com/2024/05/demystifying-cookies-and-tokens/	20240502	20241124	https://web.archive.org/web/20241120062627/https://tommihovi.com/2024/05/demystifying-cookies-and-tokens/
Scrape like a pro... but not like an AI company	https://substack.thewebscraping.club/p/do-not-scrape-like-ai-companies	20240729	20241124	https://web.archive.org/web/20241124140425/https://substack.thewebscraping.club/p/do-not-scrape-like-ai-companies
I investigated millions of tweets from the Kremlin’s ‘troll factory’ and discovered classic propaganda techniques reimagined for the social media age	https://theconversation.com/i-investigated-millions-of-tweets-from-the-kremlins-troll-factory-and-discovered-classic-propaganda-techniques-reimagined-for-the-social-media-age-237712	N/A	20241124	https://web.archive.org/web/20241119100738/https://theconversation.com/i-investigated-millions-of-tweets-from-the-kremlins-troll-factory-and-discovered-classic-propaganda-techniques-reimagined-for-the-social-media-age-237712
Breaking out of VRChat using a Unity bug	https://khang06.github.io/vrcescape/	20241123	20241124	https://web.archive.org/web/20241123152339/https://khang06.github.io/vrcescape/
LLMs Aren’t Just “Trained On the Internet” Anymore	https://allenpike.com/2024/llms-trained-on-internet	20240531	20241124	https://web.archive.org/web/20241123140534/https://allenpike.com/2024/llms-trained-on-internet
What are embeddings?	https://vickiboykis.com/what_are_embeddings/index.html	None	20241124	https://web.archive.org/web/20241122182702/https://vickiboykis.com/what_are_embeddings/index.html
The YouTube Algorithm and Manufacturing Consent	https://archive.org/details/youtube-icw	20241117	20241124	N/A
Engines of Engagement – A Curious Book About Generative AI	https://seasaltlearning.com/engines-of-engagement-generative-ai-book/	20231018	20241124	https://web.archive.org/web/20240725180019/https://seasaltlearning.com/engines-of-engagement-generative-ai-book/
The Iterative Paraphrasing Experiment: How GenAI Morphs a Story Over 100 Rewrites	https://tanay.co.in/blog/iterative-story-paraphrasing-experiment-gen-ai-story-rewrites	N/A	20241125	https://web.archive.org/web/20241124083306/https://tanay.co.in/blog/iterative-story-paraphrasing-experiment-gen-ai-story-rewrites
Writing around an AI taboo	https://hub.jhu.edu/2024/03/06/writing-around-an-ai-taboo/	20240306	20241125	https://web.archive.org/web/20241124081135/https://hub.jhu.edu/2024/03/06/writing-around-an-ai-taboo/
Data centers powering artificial intelligence could use more electricity than entire cities	https://www.cnbc.com/2024/11/23/data-centers-powering-ai-could-use-more-electricity-than-entire-cities.html	20241123	20241125	https://web.archive.org/web/20241123173301/https://www.cnbc.com/2024/11/23/data-centers-powering-ai-could-use-more-electricity-than-entire-cities.html
It's Surprisingly Easy to Jailbreak LLM-Driven Robots	https://spectrum.ieee.org/jailbreak-llm	20241111	20241125	https://web.archive.org/web/20241124133635/https://spectrum.ieee.org/jailbreak-llm
The WTF-8 encoding	https://simonsapin.github.io/wtf-8/	20220223	20241125	https://web.archive.org/web/20241122233745/https://simonsapin.github.io/wtf-8/
Do Coding Boot Camps Make Sense in an A.I. World?	https://www.msn.com/en-us/money/careersandeducation/do-coding-boot-camps-make-sense-in-an-a-i-world/ar-AA1uECIJ	20241125	20241125	https://web.archive.org/web/20241125103721/https://www.msn.com/en-us/money/careersandeducation/do-coding-boot-camps-make-sense-in-an-a-i-world/ar-AA1uECIJ
Documenting the Assault on Disinformation and Hate Speech Research | TechPolicy.Press	https://www.techpolicy.press/documenting-the-assault-on-disinformation-and-hate-speech-research/	20241124	20241125	https://web.archive.org/web/20241124224544/https://www.techpolicy.press/documenting-the-assault-on-disinformation-and-hate-speech-research/
‘Thirsty’ ChatGPT uses four times more water than previously thought	https://www.thetimes.com/uk/technology-uk/article/thirsty-chatgpt-uses-four-times-more-water-than-previously-thought-bc0pqswdr	20241004	20241125	https://web.archive.org/web/20241123162428/https://www.thetimes.com/uk/technology-uk/article/thirsty-chatgpt-uses-four-times-more-water-than-previously-thought-bc0pqswdr
